Ngày,Lần cuối,Mở,Cao,Thấp,KL,% Thay đổi
21/07/2025,"35,450.00","36,300.00","36,500.00","35,350.00",23.12M,-2.21%
18/07/2025,"36,250.00","35,150.00","36,500.00","35,050.00",36.57M,3.13%
17/07/2025,"35,150.00","35,400.00","35,600.00","35,100.00",16.14M,-0.28%
16/07/2025,"35,250.00","34,800.00","35,450.00","34,600.00",15.01M,1.29%
15/07/2025,"34,800.00","35,150.00","35,750.00","34,800.00",18.01M,-0.85%
14/07/2025,"35,100.00","34,950.00","35,100.00","34,300.00",18.13M,0.43%
11/7/2025,"34,950.00","34,800.00","35,500.00","34,800.00",18.59M,0.43%
10/7/2025,"34,800.00","34,900.00","35,000.00","34,650.00",14.46M,-0.29%
9/7/2025,"34,900.00","35,450.00","35,600.00","34,700.00",31.89M,-1.13%
8/7/2025,"35,300.00","35,300.00","35,550.00","35,100.00",12.97M,0.00%
7/7/2025,"35,300.00","35,200.00","35,450.00","35,100.00",12.24M,1.00%
4/7/2025,"34,950.00","34,850.00","35,000.00","34,650.00",12.16M,0.29%
3/7/2025,"34,850.00","35,150.00","35,300.00","34,800.00",22.27M,-0.43%
2/7/2025,"35,000.00","34,500.00","35,100.00","34,450.00",16.95M,1.74%
1/7/2025,"34,400.00","34,200.00","34,550.00","34,050.00",12.55M,0.58%
30/06/2025,"34,200.00","34,100.00","34,700.00","34,000.00",13.91M,0.74%
27/06/2025,"33,950.00","34,100.00","34,250.00","33,850.00",9.84M,-0.29%
26/06/2025,"34,050.00","34,000.00","34,450.00","33,800.00",12.61M,0.74%
25/06/2025,"33,800.00","34,150.00","34,250.00","33,800.00",13.12M,-0.59%
24/06/2025,"34,000.00","34,050.00","34,750.00","33,700.00",25.17M,0.59%
23/06/2025,"33,800.00","33,600.00","34,000.00","33,400.00",18.90M,-0.59%
20/06/2025,"34,000.00","34,200.00","34,850.00","33,900.00",17.11M,0.00%
19/06/2025,"34,000.00","32,800.00","34,000.00","32,800.00",23.28M,3.66%
18/06/2025,"32,800.00","32,400.00","33,350.00","32,200.00",17.76M,1.23%
17/06/2025,"32,400.00","32,550.00","32,600.00","32,050.00",17.96M,0.31%
16/06/2025,"32,300.00","31,000.00","32,350.00","30,950.00",23.15M,3.53%
13/06/2025,"31,200.00","30,700.00","31,500.00","30,500.00",27.42M,0.81%
12/6/2025,"30,950.00","30,350.00","31,150.00","30,250.00",24.55M,2.82%
11/6/2025,"30,100.00","30,350.00","30,350.00","29,950.00",6.09M,0.17%
10/6/2025,"30,050.00","29,950.00","30,500.00","29,850.00",15.10M,1.01%
9/6/2025,"29,750.00","30,300.00","30,450.00","29,750.00",20.75M,-1.82%
6/6/2025,"30,300.00","31,000.00","31,000.00","30,300.00",28.35M,-2.57%
5/6/2025,"31,100.00","31,350.00","31,600.00","31,050.00",15.79M,-0.80%
4/6/2025,"31,350.00","31,700.00","31,700.00","31,200.00",15.68M,-0.79%
3/6/2025,"31,600.00","30,900.00","31,900.00","30,900.00",23.86M,2.43%
2/6/2025,"30,850.00","30,400.00","30,950.00","30,200.00",13.96M,1.31%
30/05/2025,"30,450.00","30,800.00","30,800.00","30,450.00",9.98M,-1.14%
29/05/2025,"30,800.00","30,500.00","30,800.00","30,300.00",14.71M,0.98%
28/05/2025,"30,500.00","30,700.00","30,800.00","30,250.00",18.57M,-0.33%
27/05/2025,"30,600.00","30,600.00","31,250.00","30,350.00",23.57M,0.82%
26/05/2025,"30,350.00","30,150.00","30,350.00","29,500.00",20.23M,0.66%
23/05/2025,"30,150.00","30,550.00","30,600.00","29,800.00",17.85M,-1.15%
22/05/2025,"30,500.00","30,650.00","31,200.00","30,300.00",28.00M,-1.29%
21/05/2025,"30,900.00","31,000.00","31,400.00","30,700.00",19.49M,-0.16%
20/05/2025,"30,950.00","29,500.00","31,100.00","29,500.00",38.19M,4.92%
19/05/2025,"29,500.00","29,200.00","29,950.00","29,100.00",20.46M,0.17%
16/05/2025,"29,450.00","29,900.00","29,900.00","29,250.00",20.03M,-1.51%
15/05/2025,"29,900.00","29,900.00","30,200.00","29,550.00",17.78M,0.17%
14/05/2025,"29,850.00","29,350.00","30,500.00","29,300.00",19.73M,1.53%
13/05/2025,"29,400.00","29,500.00","29,700.00","29,150.00",13.21M,0.00%
12/5/2025,"29,400.00","27,650.00","29,450.00","27,600.00",46.70M,6.52%
9/5/2025,"27,600.00","27,300.00","28,000.00","27,250.00",18.30M,0.73%
8/5/2025,"27,400.00","27,000.00","27,450.00","26,850.00",18.38M,1.48%
7/5/2025,"27,000.00","26,850.00","27,100.00","26,600.00",13.69M,0.56%
6/5/2025,"26,850.00","26,500.00","27,200.00","26,400.00",24.41M,1.32%
5/5/2025,"26,500.00","26,650.00","26,650.00","26,150.00",9.05M,0.76%
29/04/2025,"26,300.00","26,000.00","26,600.00","26,000.00",18.13M,1.15%
28/04/2025,"26,000.00","26,000.00","26,100.00","25,800.00",11.16M,0.19%
25/04/2025,"25,950.00","25,950.00","26,050.00","25,400.00",19.49M,0.78%
24/04/2025,"25,750.00","26,000.00","26,100.00","25,700.00",8.92M,-1.34%
23/04/2025,"26,100.00","25,750.00","26,300.00","25,150.00",18.23M,3.78%
22/04/2025,"25,150.00","25,250.00","25,650.00","23,950.00",29.52M,-2.33%
21/04/2025,"25,750.00","26,000.00","26,300.00","25,600.00",12.19M,-0.96%
18/04/2025,"26,000.00","26,500.00","26,500.00","26,000.00",16.89M,0.00%
17/04/2025,"26,000.00","25,600.00","26,000.00","25,550.00",14.26M,0.78%
16/04/2025,"25,800.00","26,150.00","26,450.00","25,750.00",18.15M,-0.77%
15/04/2025,"26,000.00","26,050.00","26,350.00","25,800.00",21.18M,-2.07%
14/04/2025,"26,550.00","26,600.00","26,700.00","26,100.00",19.91M,-0.19%
11/4/2025,"26,600.00","26,500.00","26,600.00","25,600.00",47.94M,5.35%
10/4/2025,"25,250.00","25,250.00","25,250.00","25,250.00",1.24M,6.99%
9/4/2025,"23,600.00","22,300.00","24,900.00","22,300.00",40.79M,-1.46%
8/4/2025,"23,950.00","25,000.00","25,000.00","23,950.00",33.47M,-6.81%
4/4/2025,"25,700.00","24,150.00","25,750.00","24,150.00",56.80M,-0.96%
3/4/2025,"25,950.00","26,950.00","27,200.00","25,950.00",58.89M,-6.99%
2/4/2025,"27,900.00","28,000.00","28,150.00","27,850.00",6.67M,-0.18%
1/4/2025,"27,950.00","27,500.00","28,000.00","27,400.00",9.05M,1.64%
31/03/2025,"27,500.00","27,400.00","27,500.00","27,200.00",12.98M,-0.18%
28/03/2025,"27,550.00","27,750.00","27,800.00","27,450.00",12.35M,-0.72%
27/03/2025,"27,750.00","28,000.00","28,150.00","27,750.00",7.52M,-0.89%
26/03/2025,"28,000.00","27,900.00","28,500.00","27,800.00",24.09M,0.36%
25/03/2025,"27,900.00","28,100.00","28,200.00","27,850.00",8.13M,-0.36%
24/03/2025,"28,000.00","27,350.00","28,200.00","27,200.00",21.08M,2.38%
21/03/2025,"27,350.00","27,350.00","27,550.00","27,300.00",7.45M,-0.36%
20/03/2025,"27,450.00","27,500.00","27,550.00","27,100.00",14.43M,0.73%
19/03/2025,"27,250.00","27,300.00","27,350.00","27,150.00",12.08M,-0.55%
18/03/2025,"27,400.00","27,500.00","27,600.00","27,300.00",7.95M,-0.18%
17/03/2025,"27,450.00","27,350.00","27,450.00","27,150.00",11.00M,0.55%
14/03/2025,"27,300.00","27,100.00","27,400.00","27,100.00",10.66M,0.00%
13/03/2025,"27,300.00","27,800.00","27,800.00","27,250.00",18.99M,-1.97%
12/3/2025,"27,850.00","28,100.00","28,250.00","27,800.00",10.86M,-0.54%
11/3/2025,"28,000.00","27,500.00","28,000.00","27,450.00",15.31M,0.72%
10/3/2025,"27,800.00","27,750.00","28,300.00","27,700.00",13.91M,0.18%
7/3/2025,"27,750.00","27,700.00","27,900.00","27,450.00",14.92M,0.18%
6/3/2025,"27,700.00","27,450.00","27,700.00","27,350.00",12.57M,1.47%
5/3/2025,"27,300.00","27,500.00","27,600.00","27,300.00",13.27M,-0.73%
4/3/2025,"27,500.00","26,100.00","27,550.00","26,000.00",40.20M,5.36%
3/3/2025,"26,100.00","26,150.00","26,300.00","26,050.00",9.36M,0.00%
28/02/2025,"26,100.00","26,250.00","26,300.00","26,050.00",12.22M,-0.57%
27/02/2025,"26,250.00","26,400.00","26,400.00","26,000.00",12.51M,-0.19%
26/02/2025,"26,300.00","26,400.00","26,550.00","26,300.00",9.95M,-0.38%
25/02/2025,"26,400.00","26,600.00","26,800.00","26,350.00",14.50M,-0.38%
24/02/2025,"26,500.00","26,400.00","26,650.00","26,300.00",11.76M,0.00%
21/02/2025,"26,500.00","26,600.00","26,600.00","26,400.00",8.80M,-0.19%
20/02/2025,"26,550.00","26,200.00","26,600.00","26,050.00",21.18M,1.72%
19/02/2025,"26,100.00","25,950.00","26,150.00","25,800.00",12.94M,0.97%
18/02/2025,"25,850.00","25,700.00","26,100.00","25,650.00",10.76M,0.58%
17/02/2025,"25,700.00","26,000.00","26,100.00","25,700.00",10.97M,-1.15%
14/02/2025,"26,000.00","26,100.00","26,200.00","25,900.00",10.24M,0.19%
13/02/2025,"25,950.00","25,600.00","26,000.00","25,550.00",11.95M,0.97%
12/2/2025,"25,700.00","26,000.00","26,000.00","25,700.00",11.52M,-0.77%
11/2/2025,"25,900.00","26,100.00","26,150.00","25,750.00",15.67M,0.58%
10/2/2025,"25,750.00","25,750.00","26,250.00","25,450.00",22.15M,0.00%
7/2/2025,"25,750.00","25,450.00","25,800.00","25,200.00",26.59M,2.18%
6/2/2025,"25,200.00","24,900.00","25,500.00","24,800.00",37.58M,2.02%
5/2/2025,"24,700.00","24,850.00","24,900.00","24,550.00",9.43M,0.20%
4/2/2025,"24,650.00","24,350.00","24,700.00","24,300.00",12.47M,1.65%
3/2/2025,"24,250.00","24,500.00","24,700.00","24,250.00",10.89M,-2.02%
24/01/2025,"24,750.00","24,800.00","24,850.00","24,650.00",10.33M,0.61%
23/01/2025,"24,600.00","24,350.00","24,850.00","24,250.00",21.07M,1.65%
22/01/2025,"24,200.00","24,450.00","24,450.00","24,150.00",7.46M,0.00%
21/01/2025,"24,200.00","24,400.00","24,500.00","24,150.00",8.13M,-0.82%
20/01/2025,"24,400.00","24,400.00","24,500.00","24,250.00",5.18M,0.00%
17/01/2025,"24,400.00","23,850.00","24,400.00","23,750.00",10.02M,2.31%
16/01/2025,"23,850.00","23,850.00","23,950.00","23,600.00",8.07M,0.63%
15/01/2025,"23,700.00","23,800.00","23,900.00","23,650.00",6.72M,0.42%
14/01/2025,"23,600.00","23,550.00","23,750.00","23,500.00",4.18M,-0.84%
13/01/2025,"23,800.00","23,200.00","23,800.00","23,150.00",7.94M,1.71%
10/1/2025,"23,400.00","24,000.00","24,000.00","23,400.00",6.23M,-2.30%
9/1/2025,"23,950.00","24,050.00","24,050.00","23,750.00",4.71M,0.00%
8/1/2025,"23,950.00","23,800.00","24,300.00","23,650.00",11.95M,1.27%
7/1/2025,"23,650.00","23,900.00","23,900.00","23,550.00",7.62M,0.21%
6/1/2025,"23,600.00","23,600.00","23,850.00","23,500.00",8.13M,0.00%
3/1/2025,"23,600.00","24,350.00","24,350.00","23,600.00",17.43M,-3.08%
2/1/2025,"24,350.00","24,650.00","24,700.00","24,300.00",7.83M,-1.22%
31/12/2024,"24,650.00","24,350.00","24,650.00","24,350.00",9.40M,1.02%
30/12/2024,"24,400.00","24,750.00","24,750.00","24,350.00",10.15M,-0.81%
27/12/2024,"24,600.00","24,500.00","24,900.00","24,450.00",15.40M,1.03%
26/12/2024,"24,350.00","24,500.00","24,550.00","24,300.00",5.48M,-0.41%
25/12/2024,"24,450.00","24,000.00","24,900.00","23,950.00",18.37M,1.88%
24/12/2024,"24,000.00","24,050.00","24,050.00","23,800.00",5.18M,0.42%
23/12/2024,"23,900.00","24,000.00","24,050.00","23,800.00",3.21M,0.42%
20/12/2024,"23,800.00","23,850.00","23,950.00","23,800.00",4.59M,0.21%
19/12/2024,"23,750.00","24,000.00","24,050.00","23,750.00",15.03M,-1.86%
18/12/2024,"24,200.00","24,250.00","24,300.00","24,100.00",5.79M,0.00%
17/12/2024,"24,200.00","24,400.00","24,400.00","24,150.00",5.39M,-0.41%
16/12/2024,"24,300.00","24,300.00","24,400.00","24,100.00",6.36M,-0.21%
13/12/2024,"24,350.00","24,300.00","24,550.00","24,100.00",11.02M,0.41%
12/12/2024,"24,250.00","24,200.00","24,500.00","24,150.00",18.54M,0.41%
11/12/2024,"24,150.00","24,050.00","24,300.00","24,000.00",10.34M,0.42%
10/12/2024,"24,050.00","24,050.00","24,200.00","24,000.00",7.04M,-0.41%
9/12/2024,"24,150.00","24,100.00","24,300.00","23,950.00",7.60M,0.00%
6/12/2024,"24,150.00","24,200.00","24,250.00","23,950.00",10.92M,-0.21%
5/12/2024,"24,200.00","23,450.00","24,200.00","23,350.00",14.19M,3.20%
4/12/2024,"23,450.00","23,450.00","23,600.00","23,400.00",8.18M,-0.85%
3/12/2024,"23,650.00","23,650.00","23,750.00","23,450.00",8.33M,0.00%
2/12/2024,"23,650.00","23,700.00","23,700.00","23,400.00",6.57M,0.21%
29/11/2024,"23,600.00","23,500.00","23,600.00","23,350.00",8.45M,0.00%
28/11/2024,"23,600.00","23,650.00","23,700.00","23,400.00",8.14M,0.43%
27/11/2024,"23,500.00","23,500.00","23,600.00","23,350.00",6.39M,-0.21%
26/11/2024,"23,550.00","23,500.00","23,700.00","23,450.00",6.76M,0.21%
25/11/2024,"23,500.00","23,500.00","23,600.00","23,400.00",7.19M,0.00%
22/11/2024,"23,500.00","23,200.00","23,550.00","23,150.00",14.41M,1.29%
21/11/2024,"23,200.00","22,800.00","23,200.00","22,600.00",11.21M,1.53%
20/11/2024,"22,850.00","22,300.00","22,850.00","22,250.00",10.25M,2.01%
19/11/2024,"22,400.00","22,550.00","22,550.00","22,200.00",6.94M,-0.22%
18/11/2024,"22,450.00","22,400.00","22,700.00","22,200.00",12.11M,0.00%
15/11/2024,"22,450.00","22,800.00","22,800.00","22,400.00",14.45M,-1.54%
14/11/2024,"22,800.00","23,000.00","23,050.00","22,750.00",7.43M,-1.51%
13/11/2024,"23,150.00","23,000.00","23,150.00","22,700.00",13.32M,0.43%
12/11/2024,"23,050.00","23,400.00","23,400.00","22,900.00",12.49M,-0.65%
11/11/2024,"23,200.00","23,700.00","23,700.00","23,050.00",15.36M,-1.69%
8/11/2024,"23,600.00","24,000.00","24,000.00","23,450.00",13.10M,-1.05%
7/11/2024,"23,850.00","24,150.00","24,150.00","23,850.00",8.60M,-0.21%
6/11/2024,"23,900.00","23,600.00","24,050.00","23,600.00",15.68M,1.92%
5/11/2024,"23,450.00","23,500.00","23,650.00","23,450.00",9.92M,0.00%
4/11/2024,"23,450.00","23,750.00","23,750.00","23,400.00",13.93M,-1.05%
1/11/2024,"23,700.00","23,850.00","24,000.00","23,700.00",14.55M,-0.84%
31/10/2024,"23,900.00","24,000.00","24,100.00","23,850.00",8.62M,-0.42%
30/10/2024,"24,000.00","23,800.00","24,000.00","23,750.00",11.09M,1.05%
29/10/2024,"23,750.00","23,700.00","23,850.00","23,700.00",6.29M,0.42%
28/10/2024,"23,650.00","23,500.00","23,700.00","23,450.00",7.02M,0.64%
25/10/2024,"23,500.00","23,750.00","23,850.00","23,400.00",14.33M,-0.63%
24/10/2024,"23,650.00","24,150.00","24,200.00","23,550.00",14.26M,-2.27%
23/10/2024,"24,200.00","24,200.00","24,300.00","23,750.00",16.76M,0.00%
22/10/2024,"24,200.00","24,200.00","24,400.00","24,000.00",16.88M,0.21%
21/10/2024,"24,150.00","24,450.00","24,500.00","24,100.00",9.75M,-1.23%
18/10/2024,"24,450.00","24,450.00","24,800.00","24,400.00",15.42M,0.41%
17/10/2024,"24,350.00","24,200.00","24,400.00","24,100.00",9.42M,0.62%
16/10/2024,"24,200.00","24,200.00","24,300.00","24,100.00",9.02M,-0.21%
15/10/2024,"24,250.00","24,350.00","24,600.00","24,150.00",14.13M,-0.41%
14/10/2024,"24,350.00","24,550.00","24,600.00","24,350.00",11.95M,-0.41%
11/10/2024,"24,450.00","24,550.00","24,600.00","24,250.00",13.92M,-0.41%
10/10/2024,"24,550.00","24,900.00","25,000.00","24,550.00",18.25M,-0.41%
9/10/2024,"24,650.00","24,400.00","24,750.00","24,300.00",21.68M,1.02%
8/10/2024,"24,400.00","24,200.00","24,600.00","24,200.00",16.25M,1.04%
7/10/2024,"24,150.00","24,250.00","24,350.00","24,000.00",12.84M,0.42%
4/10/2024,"24,050.00","24,350.00","24,450.00","24,050.00",21.42M,-1.23%
3/10/2024,"24,350.00","24,950.00","25,200.00","24,350.00",29.75M,-2.21%
2/10/2024,"24,900.00","24,550.00","25,150.00","24,350.00",28.21M,1.01%
1/10/2024,"24,650.00","24,200.00","24,800.00","24,150.00",40.74M,1.86%
30/09/2024,"24,200.00","24,150.00","24,350.00","23,950.00",21.49M,0.00%
27/09/2024,"24,200.00","24,200.00","24,350.00","24,050.00",16.81M,0.41%
26/09/2024,"24,100.00","23,800.00","24,400.00","23,650.00",26.22M,1.26%
25/09/2024,"23,800.00","23,750.00","23,950.00","23,600.00",23.43M,1.06%
24/09/2024,"23,550.00","23,300.00","23,600.00","23,300.00",11.04M,0.86%
23/09/2024,"23,350.00","23,550.00","23,750.00","23,350.00",8.23M,-0.85%
20/09/2024,"23,550.00","23,300.00","23,700.00","23,300.00",30.62M,1.51%
19/09/2024,"23,200.00","23,200.00","23,200.00","22,900.00",13.43M,0.87%
18/09/2024,"23,000.00","22,750.00","23,100.00","22,700.00",15.06M,1.10%
17/09/2024,"22,750.00","22,150.00","22,750.00","22,150.00",7.24M,2.48%
16/09/2024,"22,200.00","22,200.00","22,700.00","22,200.00",11.59M,0.00%
13/09/2024,"22,200.00","22,300.00","22,350.00","22,150.00",10.10M,-0.45%
12/9/2024,"22,300.00","22,300.00","22,400.00","22,150.00",9.12M,0.90%
11/9/2024,"22,100.00","22,150.00","22,250.00","21,950.00",11.25M,-0.67%
10/9/2024,"22,250.00","22,700.00","22,750.00","22,200.00",14.11M,-1.77%
9/9/2024,"22,650.00","22,700.00","22,850.00","22,600.00",12.27M,-0.66%
6/9/2024,"22,800.00","22,800.00","22,950.00","22,650.00",12.16M,0.00%
5/9/2024,"22,800.00","22,900.00","23,050.00","22,700.00",11.38M,-0.87%
4/9/2024,"23,000.00","23,050.00","23,250.00","22,850.00",13.72M,-1.50%
30/08/2024,"23,350.00","23,000.00","23,350.00","23,000.00",13.28M,1.52%
29/08/2024,"23,000.00","23,000.00","23,250.00","23,000.00",16.10M,0.00%
28/08/2024,"23,000.00","22,700.00","23,150.00","22,600.00",19.15M,1.55%
27/08/2024,"22,650.00","22,500.00","22,700.00","22,450.00",15.07M,0.67%
26/08/2024,"22,500.00","22,500.00","22,650.00","22,400.00",16.94M,0.45%
23/08/2024,"22,400.00","22,350.00","22,500.00","22,200.00",11.97M,0.22%
22/08/2024,"22,350.00","22,000.00","22,650.00","22,000.00",20.78M,1.59%
21/08/2024,"22,000.00","21,700.00","22,100.00","21,550.00",20.04M,0.69%
20/08/2024,"21,850.00","21,950.00","22,050.00","21,800.00",12.41M,-0.23%
19/08/2024,"21,900.00","21,550.00","21,950.00","21,400.00",15.71M,2.10%
16/08/2024,"21,450.00","21,150.00","21,550.00","21,050.00",21.42M,1.42%
15/08/2024,"21,150.00","21,200.00","21,200.00","20,950.00",9.56M,-0.24%
14/08/2024,"21,200.00","21,050.00","21,300.00","20,900.00",11.84M,0.95%
13/08/2024,"21,000.00","21,200.00","21,200.00","20,900.00",11.49M,-1.18%
12/8/2024,"21,250.00","21,200.00","21,250.00","21,000.00",10.35M,0.71%
9/8/2024,"21,100.00","21,000.00","21,300.00","21,000.00",14.97M,1.20%
8/8/2024,"20,850.00","21,600.00","21,650.00","20,750.00",41.05M,-4.36%
7/8/2024,"21,800.00","22,400.00","22,400.00","21,750.00",19.62M,-2.24%
6/8/2024,"22,300.00","22,400.00","22,600.00","22,050.00",17.67M,0.00%
5/8/2024,"22,300.00","23,000.00","23,000.00","22,300.00",16.81M,-5.11%
2/8/2024,"23,500.00","22,550.00","23,500.00","22,550.00",13.70M,2.17%
1/8/2024,"23,000.00","23,200.00","23,250.00","22,550.00",11.64M,-1.08%
31/07/2024,"23,250.00","23,000.00","23,350.00","22,950.00",11.00M,1.31%
30/07/2024,"22,950.00","22,700.00","22,950.00","22,600.00",6.72M,0.88%
29/07/2024,"22,750.00","22,850.00","22,950.00","22,750.00",5.20M,0.00%
26/07/2024,"22,750.00","22,700.00","22,850.00","22,600.00",6.32M,0.00%
25/07/2024,"22,750.00","22,850.00","22,900.00","22,550.00",8.30M,-1.09%
24/07/2024,"23,000.00","22,850.00","23,200.00","22,850.00",10.82M,-0.22%
23/07/2024,"23,050.00","23,800.00","23,800.00","23,000.00",12.47M,-2.54%
22/07/2024,"23,650.00","23,300.00","23,800.00","23,000.00",14.48M,1.07%
19/07/2024,"23,400.00","23,750.00","23,750.00","23,100.00",14.09M,-1.27%
18/07/2024,"23,700.00","23,700.00","23,850.00","23,300.00",11.22M,0.00%
17/07/2024,"23,700.00","22,850.00","24,200.00","22,800.00",27.35M,4.41%
16/07/2024,"22,700.00","22,650.00","22,850.00","22,550.00",11.03M,0.22%
15/07/2024,"22,650.00","22,850.00","22,900.00","22,600.00",6.04M,-0.66%
12/7/2024,"22,800.00","22,850.00","23,000.00","22,800.00",5.52M,0.00%
11/7/2024,"22,800.00","23,150.00","23,350.00","22,800.00",15.42M,-1.51%
10/7/2024,"23,150.00","23,400.00","23,450.00","23,100.00",10.29M,-0.86%
9/7/2024,"23,350.00","23,300.00","23,500.00","23,250.00",11.39M,-0.43%
8/7/2024,"23,450.00","23,500.00","23,500.00","23,100.00",6.70M,-0.21%
5/7/2024,"23,500.00","23,350.00","23,500.00","23,200.00",8.38M,0.00%
4/7/2024,"23,500.00","23,500.00","23,550.00","23,300.00",5.68M,0.00%
3/7/2024,"23,500.00","22,950.00","23,550.00","22,900.00",10.18M,2.62%
2/7/2024,"22,900.00","22,850.00","23,200.00","22,650.00",9.25M,1.10%
1/7/2024,"22,650.00","23,100.00","23,100.00","22,650.00",9.01M,-3.00%
28/06/2024,"23,350.00","23,450.00","23,500.00","22,500.00",21.09M,-0.43%
27/06/2024,"23,450.00","23,650.00","23,700.00","23,350.00",12.34M,-2.29%
26/06/2024,"24,000.00","23,950.00","24,000.00","23,550.00",7.39M,0.00%
25/06/2024,"24,000.00","23,950.00","24,000.00","23,400.00",12.07M,0.21%
24/06/2024,"23,950.00","24,500.00","24,500.00","23,600.00",14.02M,-2.24%
21/06/2024,"24,500.00","24,950.00","24,950.00","24,200.00",11.69M,-1.21%
20/06/2024,"24,800.00","24,550.00","25,150.00","24,500.00",34.58M,2.69%
19/06/2024,"24,150.00","24,500.00","24,500.00","24,075.00",34.05M,-1.02%
18/06/2024,"24,400.00","24,300.00","24,550.00","24,100.00",20.49M,0.41%
17/06/2024,"24,300.00","24,525.00","24,525.00","24,250.00",19.37M,-1.02%
14/06/2024,"24,550.00","24,750.00","24,775.00","24,550.00",19.67M,-0.61%
13/06/2024,"24,700.00","24,750.00","24,800.00","24,650.00",16.85M,0.00%
12/6/2024,"24,700.00","24,675.00","24,750.00","24,500.00",18.32M,0.10%
11/6/2024,"24,675.00","24,750.00","24,925.00","24,575.00",33.17M,0.92%
10/6/2024,"24,450.00","24,750.00","24,750.00","24,175.00",17.27M,-0.41%
7/6/2024,"24,550.00","24,500.00","24,850.00","24,350.00",30.93M,2.29%
6/6/2024,"24,000.00","23,775.00","24,000.00","23,600.00",26.23M,1.05%
5/6/2024,"23,750.00","23,850.00","23,875.00","23,600.00",18.52M,-0.21%
4/6/2024,"23,800.00","23,750.00","23,900.00","23,500.00",19.92M,0.95%
3/6/2024,"23,575.00","23,750.00","23,850.00","23,550.00",21.36M,0.32%
31/05/2024,"23,500.00","23,400.00","23,500.00","23,150.00",11.35M,0.43%
30/05/2024,"23,400.00","23,025.00","23,400.00","22,925.00",15.15M,0.65%
29/05/2024,"23,250.00","23,500.00","23,525.00","23,200.00",13.90M,-0.85%
28/05/2024,"23,450.00","23,250.00","23,475.00","23,150.00",12.03M,0.86%
27/05/2024,"23,250.00","23,200.00","23,300.00","23,000.00",10.02M,0.22%
24/05/2024,"23,200.00","23,075.00","23,625.00","22,900.00",29.24M,-0.22%
23/05/2024,"23,250.00","23,150.00","23,325.00","22,925.00",14.48M,0.22%
22/05/2024,"23,200.00","23,625.00","23,750.00","23,175.00",29.33M,-1.69%
21/05/2024,"23,600.00","24,050.00","24,100.00","23,525.00",22.52M,-5.03%
20/05/2024,"24,850.00","24,975.00","25,250.00","24,775.00",18.61M,-0.10%
17/05/2024,"24,875.00","24,875.00","25,000.00","24,825.00",12.69M,-0.30%
16/05/2024,"24,950.00","24,250.00","24,975.00","24,200.00",41.73M,3.74%
15/05/2024,"24,050.00","23,950.00","24,075.00","23,875.00",19.36M,0.42%
14/05/2024,"23,950.00","24,225.00","24,225.00","23,925.00",14.95M,-1.03%
13/05/2024,"24,200.00","24,250.00","24,325.00","24,000.00",12.01M,-0.21%
10/5/2024,"24,250.00","24,400.00","24,400.00","23,950.00",15.36M,0.10%
9/5/2024,"24,225.00","24,300.00","24,450.00","23,900.00",17.41M,0.52%
8/5/2024,"24,100.00","23,950.00","24,600.00","23,650.00",30.77M,0.63%
7/5/2024,"23,950.00","24,175.00","24,175.00","23,850.00",18.12M,-0.93%
6/5/2024,"24,175.00","24,250.00","24,350.00","23,950.00",15.81M,0.31%
3/5/2024,"24,100.00","23,750.00","24,400.00","23,700.00",27.32M,2.88%
2/5/2024,"23,425.00","23,400.00","23,475.00","23,175.00",8.70M,0.54%
26/04/2024,"23,300.00","23,000.00","23,450.00","22,825.00",11.36M,0.98%
25/04/2024,"23,075.00","23,500.00","23,500.00","22,900.00",14.32M,-1.81%
24/04/2024,"23,500.00","23,400.00","23,525.00","23,200.00",15.06M,1.73%
23/04/2024,"23,100.00","22,750.00","23,750.00","22,750.00",31.19M,2.10%
22/04/2024,"22,625.00","22,675.00","22,850.00","22,450.00",13.63M,1.69%
19/04/2024,"22,250.00","22,000.00","22,325.00","21,675.00",28.89M,-0.78%
17/04/2024,"22,425.00","22,750.00","22,800.00","22,325.00",14.91M,-1.43%
16/04/2024,"22,750.00","22,475.00","22,750.00","22,100.00",30.30M,2.48%
15/04/2024,"22,200.00","23,600.00","23,725.00","22,100.00",27.47M,-6.33%
12/4/2024,"23,700.00","22,725.00","23,725.00","22,550.00",26.91M,5.10%
11/4/2024,"22,550.00","22,525.00","22,825.00","22,475.00",22.74M,-1.20%
10/4/2024,"22,825.00","23,000.00","23,400.00","22,800.00",15.51M,-0.33%
9/4/2024,"22,900.00","22,750.00","22,900.00","22,600.00",10.77M,0.66%
8/4/2024,"22,750.00","22,500.00","22,925.00","22,450.00",19.93M,0.66%
5/4/2024,"22,600.00","22,750.00","22,950.00","22,575.00",24.26M,-1.74%
4/4/2024,"23,000.00","23,250.00","23,375.00","22,975.00",21.51M,-1.71%
3/4/2024,"23,400.00","23,700.00","23,975.00","23,400.00",17.55M,-1.78%
2/4/2024,"23,825.00","23,800.00","24,000.00","23,500.00",27.12M,0.42%
1/4/2024,"23,725.00","23,775.00","23,850.00","23,425.00",17.12M,-0.21%
29/03/2024,"23,775.00","23,975.00","24,075.00","23,775.00",12.81M,-0.94%
28/03/2024,"24,000.00","24,350.00","24,350.00","23,850.00",60.05M,5.38%
27/03/2024,"22,775.00","23,100.00","23,100.00","22,550.00",9.28M,-0.87%
26/03/2024,"22,975.00","22,400.00","23,100.00","22,250.00",15.51M,2.57%
25/03/2024,"22,400.00","22,800.00","23,200.00","22,075.00",21.47M,-0.22%
22/03/2024,"22,450.00","22,750.00","22,750.00","22,025.00",21.58M,-0.44%
21/03/2024,"22,550.00","21,300.00","22,550.00","21,300.00",33.85M,6.62%
20/03/2024,"21,150.00","20,200.00","21,225.00","20,025.00",33.76M,4.96%
19/03/2024,"20,150.00","20,100.00","20,200.00","19,800.00",10.66M,0.50%
18/03/2024,"20,050.00","20,600.00","20,600.00","19,700.00",22.59M,-3.14%
15/03/2024,"20,700.00","20,625.00","20,825.00","20,200.00",15.08M,0.00%
14/03/2024,"20,700.00","21,050.00","21,050.00","20,625.00",13.27M,-1.43%
13/03/2024,"21,000.00","20,600.00","21,000.00","20,475.00",15.79M,1.94%
12/3/2024,"20,600.00","20,175.00","20,650.00","20,050.00",16.99M,1.98%
11/3/2024,"20,200.00","20,450.00","20,600.00","19,950.00",22.37M,-1.46%
8/3/2024,"20,500.00","21,225.00","21,300.00","20,500.00",40.25M,-3.76%
7/3/2024,"21,300.00","21,425.00","21,650.00","21,200.00",14.43M,-0.35%
6/3/2024,"21,375.00","21,025.00","21,750.00","20,900.00",22.33M,1.30%
5/3/2024,"21,100.00","20,900.00","21,100.00","20,700.00",12.63M,0.84%
4/3/2024,"20,925.00","20,875.00","21,100.00","20,675.00",16.87M,0.00%
1/3/2024,"20,925.00","20,850.00","20,925.00","20,625.00",18.58M,-0.83%
29/02/2024,"21,100.00","21,225.00","21,225.00","20,675.00",18.05M,0.00%
28/02/2024,"21,100.00","21,025.00","21,175.00","20,775.00",15.05M,0.60%
27/02/2024,"20,975.00","20,700.00","20,975.00","20,500.00",16.83M,1.82%
26/02/2024,"20,600.00","20,100.00","20,750.00","20,100.00",19.23M,2.74%
23/02/2024,"20,050.00","20,375.00","21,175.00","20,000.00",32.88M,-0.50%
22/02/2024,"20,150.00","19,500.00","20,175.00","19,475.00",19.29M,3.33%
21/02/2024,"19,500.00","19,375.00","19,675.00","19,300.00",15.35M,0.26%
20/02/2024,"19,450.00","19,400.00","19,500.00","19,250.00",10.83M,0.00%
19/02/2024,"19,450.00","19,275.00","19,525.00","19,225.00",19.47M,1.04%
16/02/2024,"19,250.00","19,250.00","19,350.00","18,950.00",14.44M,0.26%
15/02/2024,"19,200.00","18,750.00","19,475.00","18,725.00",26.14M,2.95%
7/2/2024,"18,650.00","17,900.00","18,650.00","17,900.00",22.33M,4.63%
6/2/2024,"17,825.00","17,825.00","18,100.00","17,800.00",8.03M,0.42%
5/2/2024,"17,750.00","17,225.00","18,000.00","17,200.00",19.20M,3.95%
2/2/2024,"17,075.00","17,000.00","17,225.00","17,000.00",15.73M,0.00%
1/2/2024,"17,075.00","17,225.00","17,325.00","17,000.00",12.42M,-1.16%
31/01/2024,"17,275.00","17,600.00","17,625.00","17,200.00",10.76M,-1.85%
30/01/2024,"17,600.00","17,550.00","17,625.00","17,350.00",10.41M,-0.14%
29/01/2024,"17,625.00","17,725.00","17,825.00","17,600.00",6.29M,-0.42%
26/01/2024,"17,700.00","17,525.00","17,750.00","17,500.00",6.29M,1.14%
25/01/2024,"17,500.00","17,625.00","17,625.00","17,450.00",8.54M,-0.71%
24/01/2024,"17,625.00","17,625.00","17,775.00","17,625.00",6.28M,-0.56%
23/01/2024,"17,725.00","17,750.00","18,000.00","17,700.00",20.15M,1.43%
22/01/2024,"17,475.00","17,650.00","17,650.00","17,350.00",8.63M,0.00%
19/01/2024,"17,475.00","17,300.00","17,575.00","17,250.00",15.89M,1.60%
18/01/2024,"17,200.00","17,125.00","17,300.00","17,025.00",8.22M,1.03%
17/01/2024,"17,025.00","17,075.00","17,325.00","17,000.00",8.84M,-0.29%
16/01/2024,"17,075.00","17,050.00","17,100.00","16,900.00",8.92M,-0.44%
15/01/2024,"17,150.00","17,350.00","17,400.00","17,150.00",7.45M,-1.01%
12/1/2024,"17,325.00","16,925.00","17,350.00","16,775.00",20.37M,1.46%
11/1/2024,"17,075.00","17,150.00","17,300.00","16,900.00",13.46M,-0.73%
10/1/2024,"17,200.00","17,275.00","17,350.00","17,125.00",14.38M,-0.29%
9/1/2024,"17,250.00","17,000.00","17,250.00","16,900.00",13.80M,1.17%
8/1/2024,"17,050.00","16,750.00","17,075.00","16,675.00",12.65M,2.71%
5/1/2024,"16,600.00","16,550.00","16,700.00","16,500.00",7.14M,0.30%
4/1/2024,"16,550.00","16,300.00","16,825.00","16,275.00",20.15M,1.53%
3/1/2024,"16,300.00","15,950.00","16,300.00","15,925.00",11.22M,1.56%
2/1/2024,"16,050.00","15,950.00","16,125.00","15,900.00",7.42M,0.94%
29/12/2023,"15,900.00","15,850.00","15,975.00","15,750.00",8.46M,0.95%
28/12/2023,"15,750.00","15,450.00","15,825.00","15,450.00",11.51M,2.11%
27/12/2023,"15,425.00","15,425.00","15,575.00","15,425.00",4.03M,0.16%
26/12/2023,"15,400.00","15,425.00","15,500.00","15,375.00",3.01M,-0.48%
25/12/2023,"15,475.00","15,400.00","15,500.00","15,300.00",5.15M,1.14%
22/12/2023,"15,300.00","15,250.00","15,400.00","15,225.00",3.71M,-0.16%
21/12/2023,"15,325.00","15,150.00","15,325.00","15,075.00",4.97M,0.99%
20/12/2023,"15,175.00","15,150.00","15,275.00","15,075.00",3.49M,-0.82%
19/12/2023,"15,300.00","15,000.00","15,300.00","14,900.00",4.22M,1.83%
18/12/2023,"15,025.00","15,300.00","15,325.00","15,025.00",4.76M,-1.80%
15/12/2023,"15,300.00","15,275.00","15,400.00","15,200.00",4.31M,0.16%
14/12/2023,"15,275.00","15,400.00","15,425.00","15,275.00",5.11M,0.16%
13/12/2023,"15,250.00","15,575.00","15,575.00","15,250.00",6.22M,-1.77%
12/12/2023,"15,525.00","15,425.00","15,525.00","15,375.00",4.34M,0.65%
11/12/2023,"15,425.00","15,475.00","15,500.00","15,325.00",3.23M,-0.32%
8/12/2023,"15,475.00","15,425.00","15,500.00","15,300.00",5.50M,0.32%
7/12/2023,"15,425.00","15,275.00","15,525.00","15,150.00",11.69M,1.48%
6/12/2023,"15,200.00","15,000.00","15,250.00","15,000.00",4.98M,1.16%
5/12/2023,"15,025.00","15,125.00","15,150.00","14,950.00",6.19M,-0.50%
4/12/2023,"15,100.00","14,900.00","15,250.00","14,900.00",9.52M,1.51%
1/12/2023,"14,875.00","14,800.00","14,925.00","14,675.00",5.39M,0.85%
30/11/2023,"14,750.00","14,875.00","15,025.00","14,750.00",5.51M,-1.34%
29/11/2023,"14,950.00","14,950.00","15,150.00","14,800.00",3.56M,-0.17%
28/11/2023,"14,975.00","14,650.00","14,975.00","14,400.00",7.47M,2.22%
27/11/2023,"14,650.00","14,975.00","14,975.00","14,650.00",6.10M,-2.50%
24/11/2023,"15,025.00","15,175.00","15,300.00","14,725.00",9.39M,-1.15%
23/11/2023,"15,200.00","15,600.00","15,650.00","15,200.00",6.56M,-1.78%
22/11/2023,"15,475.00","15,450.00","15,500.00","15,325.00",3.67M,0.49%
21/11/2023,"15,400.00","15,675.00","15,675.00","15,400.00",4.49M,-0.65%
20/11/2023,"15,500.00","15,250.00","15,625.00","15,225.00",8.64M,-0.48%
17/11/2023,"15,575.00","15,850.00","15,975.00","15,350.00",10.17M,-1.74%
16/11/2023,"15,850.00","15,750.00","15,900.00","15,750.00",4.48M,0.48%
15/11/2023,"15,775.00","16,000.00","16,100.00","15,750.00",7.34M,0.16%
14/11/2023,"15,750.00","15,575.00","15,875.00","15,450.00",7.96M,1.94%
13/11/2023,"15,450.00","15,650.00","15,650.00","15,325.00",4.92M,-0.48%
10/11/2023,"15,525.00","15,600.00","15,750.00","15,350.00",8.15M,-1.43%
9/11/2023,"15,750.00","15,925.00","15,975.00","15,650.00",8.51M,-0.94%
8/11/2023,"15,900.00","15,300.00","15,950.00","15,100.00",7.75M,3.92%
7/11/2023,"15,300.00","15,300.00","15,475.00","15,225.00",3.02M,-1.29%
6/11/2023,"15,500.00","15,400.00","15,500.00","15,150.00",6.60M,0.00%
3/11/2023,"15,500.00","14,975.00","15,500.00","14,775.00",16.21M,5.62%
2/11/2023,"14,675.00","14,400.00","14,800.00","14,250.00",9.41M,4.08%
1/11/2023,"14,100.00","14,150.00","14,225.00","13,725.00",8.96M,1.81%
31/10/2023,"13,850.00","14,100.00","14,250.00","13,600.00",12.17M,-1.42%
30/10/2023,"14,050.00","14,600.00","14,625.00","14,050.00",13.19M,-4.91%
27/10/2023,"14,775.00","15,000.00","15,200.00","14,550.00",7.75M,-0.84%
26/10/2023,"14,900.00","15,400.00","15,475.00","14,600.00",13.35M,-4.49%
25/10/2023,"15,600.00","15,600.00","15,800.00","15,600.00",4.25M,-0.48%
24/10/2023,"15,675.00","15,675.00","15,900.00","15,525.00",4.35M,1.46%
23/10/2023,"15,450.00","15,550.00","15,750.00","15,250.00",5.58M,-0.64%
20/10/2023,"15,550.00","15,350.00","15,700.00","15,275.00",4.87M,1.47%
19/10/2023,"15,325.00","15,625.00","15,700.00","15,325.00",5.57M,-1.92%
18/10/2023,"15,625.00","15,875.00","15,900.00","15,500.00",9.44M,-1.57%
17/10/2023,"15,875.00","15,975.00","16,100.00","15,875.00",3.64M,-0.16%
16/10/2023,"15,900.00","16,025.00","16,150.00","15,900.00",4.95M,-1.24%
13/10/2023,"16,100.00","16,200.00","16,225.00","16,000.00",3.90M,-0.92%
12/10/2023,"16,250.00","16,350.00","16,425.00","16,250.00",4.93M,-0.31%
11/10/2023,"16,300.00","16,325.00","16,325.00","16,150.00",4.40M,0.31%
10/10/2023,"16,250.00","16,150.00","16,325.00","16,125.00",5.32M,1.25%
9/10/2023,"16,050.00","16,050.00","16,075.00","15,950.00",5.59M,0.16%
6/10/2023,"16,025.00","15,875.00","16,125.00","15,800.00",5.10M,0.79%
5/10/2023,"15,900.00","16,175.00","16,300.00","15,900.00",4.89M,-1.40%
4/10/2023,"16,125.00","16,125.00","16,325.00","16,000.00",5.59M,-0.77%
3/10/2023,"16,250.00","16,450.00","16,450.00","15,950.00",9.30M,-1.96%
2/10/2023,"16,575.00","16,825.00","16,825.00","16,500.00",4.28M,-1.49%
29/09/2023,"16,825.00","16,750.00","16,850.00","16,550.00",5.82M,0.00%
28/09/2023,"16,825.00","16,300.00","16,950.00","15,925.00",13.11M,3.22%
27/09/2023,"16,300.00","16,125.00","16,300.00","16,125.00",7.11M,0.62%
26/09/2023,"16,200.00","16,400.00","16,500.00","16,200.00",9.51M,-1.22%
25/09/2023,"16,400.00","17,000.00","17,100.00","16,375.00",8.46M,-3.53%
22/09/2023,"17,000.00","16,975.00","17,125.00","16,700.00",15.09M,-0.87%
21/09/2023,"17,150.00","17,175.00","17,250.00","17,000.00",6.33M,-0.15%
20/09/2023,"17,175.00","16,950.00","17,250.00","16,925.00",6.85M,1.33%
19/09/2023,"16,950.00","17,150.00","17,175.00","16,900.00",11.73M,-0.59%
18/09/2023,"17,050.00","17,425.00","17,500.00","17,000.00",15.46M,-2.29%
15/09/2023,"17,450.00","17,550.00","17,750.00","17,450.00",9.05M,0.00%
14/09/2023,"17,450.00","17,550.00","17,875.00","17,450.00",15.29M,-0.29%
13/09/2023,"17,500.00","17,700.00","17,725.00","17,425.00",9.96M,-0.85%
12/9/2023,"17,650.00","17,275.00","17,650.00","17,200.00",9.87M,2.17%
11/9/2023,"17,275.00","17,800.00","17,800.00","17,225.00",21.62M,-2.26%
8/9/2023,"17,675.00","17,925.00","17,950.00","17,675.00",9.21M,-1.12%
7/9/2023,"17,875.00","17,625.00","18,075.00","17,550.00",18.09M,1.56%
6/9/2023,"17,600.00","17,525.00","17,675.00","17,425.00",9.31M,0.57%
5/9/2023,"17,500.00","17,400.00","17,575.00","17,375.00",16.00M,1.45%
31/08/2023,"17,250.00","17,050.00","17,250.00","17,050.00",8.24M,1.47%
30/08/2023,"17,000.00","17,000.00","17,150.00","16,950.00",8.54M,0.29%
29/08/2023,"16,950.00","17,000.00","17,125.00","16,875.00",7.41M,-0.29%
28/08/2023,"17,000.00","16,925.00","17,050.00","16,800.00",8.03M,1.04%
25/08/2023,"16,825.00","16,850.00","16,925.00","16,700.00",7.28M,-0.44%
24/08/2023,"16,900.00","16,750.00","16,975.00","16,700.00",9.63M,1.81%
23/08/2023,"16,600.00","17,000.00","17,100.00","16,600.00",18.18M,0.30%
22/08/2023,"16,550.00","16,375.00","16,550.00","15,950.00",13.43M,1.07%
21/08/2023,"16,375.00","16,250.00","16,475.00","16,050.00",10.71M,0.77%
18/08/2023,"16,250.00","17,275.00","17,275.00","16,225.00",26.44M,-6.34%
17/08/2023,"17,350.00","17,650.00","17,650.00","17,350.00",10.62M,-1.70%
16/08/2023,"17,650.00","17,000.00","17,675.00","16,975.00",26.39M,3.67%
15/08/2023,"17,025.00","16,950.00","17,200.00","16,925.00",9.22M,0.74%
14/08/2023,"16,900.00","16,875.00","16,900.00","16,725.00",9.15M,0.45%
11/8/2023,"16,825.00","16,775.00","16,900.00","16,550.00",11.82M,0.45%
10/8/2023,"16,750.00","17,000.00","17,025.00","16,750.00",12.33M,-1.47%
9/8/2023,"17,000.00","17,025.00","17,100.00","16,900.00",9.34M,0.00%
8/8/2023,"17,000.00","17,200.00","17,250.00","16,975.00",11.08M,-1.02%
7/8/2023,"17,175.00","17,100.00","17,225.00","17,000.00",10.51M,2.23%
4/8/2023,"16,800.00","16,825.00","17,100.00","16,725.00",24.65M,0.30%
3/8/2023,"16,750.00","17,000.00","17,025.00","16,750.00",8.34M,-1.18%
2/8/2023,"16,950.00","16,950.00","17,050.00","16,875.00",9.29M,-0.29%
1/8/2023,"17,000.00","17,300.00","17,300.00","17,000.00",17.32M,-0.87%
31/07/2023,"17,150.00","17,050.00","17,300.00","17,000.00",15.30M,1.48%
28/07/2023,"16,900.00","16,525.00","16,900.00","16,500.00",11.26M,2.11%
27/07/2023,"16,550.00","16,675.00","16,725.00","16,350.00",15.59M,-1.05%
26/07/2023,"16,725.00","16,750.00","16,775.00","16,600.00",6.83M,-0.15%
25/07/2023,"16,750.00","16,400.00","16,900.00","16,350.00",26.54M,3.24%
24/07/2023,"16,225.00","16,225.00","16,250.00","16,075.00",9.66M,0.46%
21/07/2023,"16,150.00","15,925.00","16,150.00","15,925.00",10.41M,1.25%
20/07/2023,"15,950.00","16,200.00","16,200.00","15,900.00",10.53M,-1.24%
19/07/2023,"16,150.00","16,325.00","16,450.00","16,125.00",11.11M,0.00%
18/07/2023,"16,150.00","15,950.00","16,150.00","15,900.00",13.02M,1.25%
17/07/2023,"15,950.00","16,050.00","16,050.00","15,900.00",7.31M,-0.16%
14/07/2023,"15,975.00","16,100.00","16,100.00","15,850.00",8.94M,0.00%
13/07/2023,"15,975.00","15,850.00","16,000.00","15,825.00",8.82M,0.95%
12/7/2023,"15,825.00","15,950.00","16,000.00","15,800.00",8.68M,-0.94%
11/7/2023,"15,975.00","16,100.00","16,175.00","15,975.00",11.42M,-0.16%
10/7/2023,"16,000.00","16,000.00","16,050.00","15,850.00",9.97M,1.43%
7/7/2023,"15,775.00","15,750.00","15,900.00","15,650.00",6.55M,0.00%
6/7/2023,"15,775.00","15,975.00","16,025.00","15,600.00",12.62M,-1.25%
5/7/2023,"15,975.00","16,075.00","16,200.00","15,975.00",8.65M,-0.16%
4/7/2023,"16,000.00","16,000.00","16,050.00","15,925.00",8.65M,0.00%
3/7/2023,"16,000.00","16,350.00","16,350.00","16,000.00",7.51M,-1.08%
30/06/2023,"16,175.00","16,325.00","16,400.00","16,175.00",4.90M,-0.92%
29/06/2023,"16,325.00","16,650.00","16,700.00","16,325.00",7.08M,-1.95%
28/06/2023,"16,650.00","16,475.00","16,650.00","16,375.00",8.61M,1.06%
27/06/2023,"16,475.00","16,650.00","16,700.00","16,450.00",7.33M,-1.05%
26/06/2023,"16,650.00","16,450.00","16,650.00","16,275.00",8.09M,1.22%
23/06/2023,"16,450.00","16,325.00","16,625.00","16,275.00",8.29M,0.92%
22/06/2023,"16,300.00","16,450.00","16,575.00","16,300.00",8.79M,0.31%
21/06/2023,"16,250.00","16,075.00","16,250.00","16,050.00",5.01M,1.09%
20/06/2023,"16,075.00","16,100.00","16,125.00","15,975.00",4.17M,0.16%
19/06/2023,"16,050.00","16,275.00","16,275.00","15,975.00",7.35M,-1.38%
16/06/2023,"16,275.00","16,325.00","16,725.00","16,250.00",13.86M,-0.31%
15/06/2023,"16,325.00","16,300.00","16,450.00","16,200.00",7.73M,0.15%
14/06/2023,"16,300.00","16,500.00","16,725.00","16,275.00",10.75M,-0.61%
13/06/2023,"16,400.00","16,350.00","16,450.00","16,200.00",7.06M,0.31%
12/6/2023,"16,350.00","16,125.00","16,425.00","15,950.00",8.27M,0.93%
9/6/2023,"16,200.00","15,900.00","16,250.00","15,800.00",10.63M,2.05%
8/6/2023,"15,875.00","16,350.00","16,375.00","15,875.00",11.48M,-2.61%
7/6/2023,"16,300.00","16,275.00","16,375.00","16,100.00",9.93M,-0.31%
6/6/2023,"16,350.00","15,950.00","16,350.00","15,875.00",12.00M,2.51%
5/6/2023,"15,950.00","16,225.00","16,400.00","15,950.00",11.72M,-0.93%
2/6/2023,"16,100.00","15,400.00","16,100.00","15,350.00",27.60M,6.27%
1/6/2023,"15,150.00","15,000.00","15,150.00","14,875.00",9.55M,1.17%
31/05/2023,"14,975.00","15,100.00","15,150.00","14,950.00",7.89M,-0.83%
30/05/2023,"15,100.00","15,200.00","15,225.00","15,000.00",4.20M,0.00%
29/05/2023,"15,100.00","15,000.00","15,100.00","14,900.00",5.53M,1.00%
26/05/2023,"14,950.00","14,950.00","14,975.00","14,825.00",3.59M,0.34%
25/05/2023,"14,900.00","14,900.00","14,950.00","14,800.00",5.04M,0.00%
24/05/2023,"14,900.00","15,200.00","15,275.00","14,875.00",9.64M,-1.81%
23/05/2023,"15,175.00","15,350.00","15,350.00","15,000.00",8.41M,-0.49%
22/05/2023,"15,250.00","14,850.00","15,300.00","14,850.00",18.89M,2.87%
19/05/2023,"14,825.00","14,775.00","14,875.00","14,625.00",6.80M,0.34%
18/05/2023,"14,775.00","14,625.00","14,850.00","14,625.00",6.43M,1.03%
17/05/2023,"14,625.00","14,850.00","14,950.00","14,625.00",7.32M,-1.85%
16/05/2023,"14,900.00","15,050.00","15,050.00","14,875.00",4.15M,-0.33%
15/05/2023,"14,950.00","14,725.00","15,075.00","14,700.00",14.67M,2.05%
12/5/2023,"14,650.00","14,550.00","14,650.00","14,500.00",5.25M,0.69%
11/5/2023,"14,550.00","14,750.00","14,750.00","14,550.00",5.03M,-0.68%
10/5/2023,"14,650.00","14,675.00","14,700.00","14,550.00",5.05M,0.00%
9/5/2023,"14,650.00","14,725.00","14,750.00","14,525.00",3.98M,-0.34%
8/5/2023,"14,700.00","14,450.00","14,700.00","14,350.00",5.70M,2.44%
5/5/2023,"14,350.00","14,525.00","14,600.00","14,225.00",6.88M,-1.20%
4/5/2023,"14,525.00","14,750.00","14,750.00","14,450.00",3.84M,-1.53%
28/04/2023,"14,750.00","14,975.00","14,975.00","14,750.00",4.96M,-1.34%
27/04/2023,"14,950.00","15,100.00","15,100.00","14,925.00",4.06M,-0.33%
26/04/2023,"15,000.00","14,600.00","15,000.00","14,425.00",6.48M,3.45%
25/04/2023,"14,500.00","14,825.00","14,925.00","14,500.00",4.17M,-1.69%
24/04/2023,"14,750.00","14,350.00","14,875.00","14,325.00",6.97M,2.79%
21/04/2023,"14,350.00","14,500.00","14,500.00","14,350.00",4.71M,-0.52%
20/04/2023,"14,425.00","14,450.00","14,500.00","14,275.00",4.63M,-0.52%
19/04/2023,"14,500.00","14,600.00","14,700.00","14,500.00",5.22M,-0.51%
18/04/2023,"14,575.00","14,700.00","14,700.00","14,450.00",5.11M,-1.02%
17/04/2023,"14,725.00","14,500.00","14,725.00","14,375.00",6.03M,1.90%
14/04/2023,"14,450.00","15,100.00","15,200.00","14,450.00",18.87M,-4.30%
13/04/2023,"15,100.00","15,300.00","15,475.00","15,100.00",6.43M,-1.63%
12/4/2023,"15,350.00","15,200.00","15,475.00","15,050.00",9.01M,0.99%
11/4/2023,"15,200.00","15,100.00","15,200.00","14,800.00",10.42M,0.66%
10/4/2023,"15,100.00","14,825.00","15,400.00","14,800.00",11.32M,2.20%
7/4/2023,"14,775.00","14,825.00","14,850.00","14,700.00",8.19M,-0.17%
6/4/2023,"14,800.00","14,675.00","15,100.00","14,675.00",15.66M,0.34%
5/4/2023,"14,750.00","14,700.00","14,800.00","14,600.00",8.66M,0.00%
4/4/2023,"14,750.00","14,650.00","14,750.00","14,525.00",14.61M,0.68%
3/4/2023,"14,650.00","14,500.00","14,675.00","14,350.00",24.85M,3.35%
31/03/2023,"14,175.00","13,900.00","14,200.00","13,900.00",14.44M,2.35%
30/03/2023,"13,850.00","14,175.00","14,250.00","13,850.00",9.80M,-1.07%
29/03/2023,"14,000.00","13,775.00","14,150.00","13,750.00",11.44M,1.63%
28/03/2023,"13,775.00","13,350.00","13,850.00","13,350.00",15.33M,3.96%
27/03/2023,"13,250.00","13,225.00","13,350.00","13,175.00",3.07M,0.19%
24/03/2023,"13,225.00","13,200.00","13,350.00","13,150.00",3.91M,0.95%
23/03/2023,"13,100.00","13,100.00","13,175.00","12,925.00",4.74M,0.00%
22/03/2023,"13,100.00","13,225.00","13,300.00","13,100.00",4.94M,-0.57%
21/03/2023,"13,175.00","13,250.00","13,300.00","13,050.00",4.00M,0.38%
20/03/2023,"13,125.00","13,250.00","13,300.00","13,125.00",4.57M,-1.50%
17/03/2023,"13,325.00","13,400.00","13,550.00","13,300.00",2.40M,-0.37%
16/03/2023,"13,375.00","13,450.00","13,475.00","13,175.00",5.32M,-1.65%
15/03/2023,"13,600.00","13,400.00","13,700.00","13,400.00",4.72M,3.42%
14/03/2023,"13,150.00","13,325.00","13,375.00","13,150.00",4.94M,-1.68%
13/03/2023,"13,375.00","13,275.00","13,475.00","13,275.00",6.23M,-1.47%
10/3/2023,"13,575.00","13,750.00","13,800.00","13,500.00",4.26M,-2.34%
9/3/2023,"13,900.00","13,750.00","13,925.00","13,600.00",6.57M,1.83%
8/3/2023,"13,650.00","13,450.00","13,700.00","13,400.00",3.89M,0.74%
7/3/2023,"13,550.00","13,600.00","13,750.00","13,525.00",4.68M,-0.37%
6/3/2023,"13,600.00","13,500.00","13,725.00","13,350.00",5.14M,1.49%
3/3/2023,"13,400.00","13,600.00","13,675.00","13,275.00",3.75M,-1.47%
2/3/2023,"13,600.00","13,775.00","13,800.00","13,500.00",3.10M,-0.37%
1/3/2023,"13,650.00","13,100.00","13,675.00","13,025.00",4.41M,3.02%
28/02/2023,"13,250.00","13,500.00","13,600.00","13,250.00",4.21M,-1.85%
27/02/2023,"13,500.00","13,600.00","13,600.00","13,300.00",4.75M,-0.92%
24/02/2023,"13,625.00","13,975.00","13,975.00","13,575.00",3.95M,-2.50%
23/02/2023,"13,975.00","13,750.00","13,975.00","13,500.00",7.19M,1.64%
22/02/2023,"13,750.00","14,025.00","14,075.00","13,750.00",4.75M,-3.17%
21/02/2023,"14,200.00","14,300.00","14,475.00","14,175.00",5.18M,-0.70%
20/02/2023,"14,300.00","13,875.00","14,300.00","13,850.00",5.49M,2.88%
17/02/2023,"13,900.00","13,875.00","13,900.00","13,750.00",3.57M,-0.36%
16/02/2023,"13,950.00","13,800.00","13,950.00","13,600.00",4.50M,1.82%
15/02/2023,"13,700.00","13,425.00","13,800.00","13,300.00",5.27M,2.05%
14/02/2023,"13,425.00","13,250.00","13,700.00","13,250.00",5.90M,0.94%
13/02/2023,"13,300.00","13,425.00","13,450.00","13,175.00",5.79M,-1.30%
10/2/2023,"13,475.00","13,675.00","13,750.00","13,450.00",5.25M,-1.28%
9/2/2023,"13,650.00","13,850.00","13,925.00","13,650.00",5.51M,-1.97%
8/2/2023,"13,925.00","13,750.00","13,975.00","13,700.00",5.42M,1.64%
7/2/2023,"13,700.00","13,975.00","14,025.00","13,700.00",6.58M,-1.97%
6/2/2023,"13,975.00","13,550.00","14,000.00","13,525.00",6.37M,3.14%
3/2/2023,"13,550.00","14,050.00","14,100.00","13,550.00",12.90M,-3.21%
2/2/2023,"14,000.00","14,100.00","14,200.00","13,800.00",7.59M,-0.71%
1/2/2023,"14,100.00","14,750.00","14,750.00","14,000.00",11.89M,-4.08%
31/01/2023,"14,700.00","14,325.00","14,700.00","14,025.00",12.30M,2.44%
30/01/2023,"14,350.00","14,525.00","14,525.00","14,275.00",11.83M,-1.20%
27/01/2023,"14,525.00","14,675.00","14,850.00","14,500.00",11.08M,-0.17%
19/01/2023,"14,550.00","14,425.00","14,650.00","14,425.00",9.48M,0.00%
18/01/2023,"14,550.00","14,550.00","14,575.00","14,450.00",6.48M,0.34%
17/01/2023,"14,500.00","14,200.00","14,650.00","14,175.00",12.36M,3.20%
16/01/2023,"14,050.00","13,925.00","14,050.00","13,825.00",4.99M,1.08%
13/01/2023,"13,900.00","13,950.00","14,150.00","13,900.00",5.62M,-0.18%
12/1/2023,"13,925.00","13,825.00","13,975.00","13,800.00",4.25M,0.72%
11/1/2023,"13,825.00","13,725.00","14,000.00","13,650.00",6.27M,0.73%
10/1/2023,"13,725.00","13,875.00","14,000.00","13,650.00",5.23M,-1.08%
9/1/2023,"13,875.00","13,900.00","13,975.00","13,800.00",4.78M,0.18%
6/1/2023,"13,850.00","13,725.00","14,200.00","13,650.00",9.61M,0.18%
5/1/2023,"13,825.00","13,650.00","13,900.00","13,575.00",5.43M,1.28%
4/1/2023,"13,650.00","13,725.00","13,900.00","13,625.00",6.37M,-0.55%
3/1/2023,"13,725.00","12,875.00","13,725.00","12,875.00",7.57M,6.19%
30/12/2022,"12,925.00","12,975.00","13,050.00","12,925.00",4.36M,-0.39%
29/12/2022,"12,975.00","13,050.00","13,150.00","12,875.00",5.87M,-0.76%
28/12/2022,"13,075.00","13,050.00","13,225.00","12,875.00",6.60M,-0.57%
27/12/2022,"13,150.00","12,800.00","13,150.00","12,700.00",8.85M,2.33%
26/12/2022,"12,850.00","13,625.00","13,700.00","12,850.00",15.09M,-6.88%
23/12/2022,"13,800.00","13,850.00","13,950.00","13,475.00",5.76M,-0.36%
22/12/2022,"13,850.00","13,875.00","14,200.00","13,625.00",7.21M,0.00%
21/12/2022,"13,850.00","14,025.00","14,100.00","13,150.00",13.12M,0.00%
20/12/2022,"13,850.00","14,500.00","14,625.00","13,625.00",23.50M,-5.30%
19/12/2022,"14,625.00","14,575.00","15,325.00","14,525.00",18.64M,0.34%
16/12/2022,"14,575.00","14,500.00","14,650.00","14,300.00",12.94M,-1.19%
15/12/2022,"14,750.00","14,400.00","14,775.00","14,300.00",15.36M,2.43%
14/12/2022,"14,400.00","14,750.00","14,850.00","14,400.00",16.00M,0.00%
13/12/2022,"14,400.00","13,600.00","14,400.00","13,500.00",14.63M,5.88%
12/12/2022,"13,600.00","14,125.00","14,275.00","13,600.00",12.38M,-3.72%
9/12/2022,"14,125.00","14,225.00","14,250.00","13,850.00",8.82M,0.18%
8/12/2022,"14,100.00","13,400.00","14,100.00","13,250.00",20.29M,6.82%
7/12/2022,"13,200.00","13,500.00","13,575.00","12,975.00",14.23M,-2.40%
6/12/2022,"13,525.00","14,400.00","14,500.00","13,500.00",28.98M,-6.72%
5/12/2022,"14,500.00","14,750.00","14,900.00","14,400.00",16.89M,0.69%
2/12/2022,"14,400.00","13,500.00","14,500.00","13,425.00",18.00M,5.11%
1/12/2022,"13,700.00","13,125.00","13,850.00","13,125.00",33.07M,5.79%
30/11/2022,"12,950.00","12,600.00","12,950.00","12,475.00",17.72M,2.78%
29/11/2022,"12,600.00","12,475.00","12,800.00","12,175.00",15.75M,2.44%
28/11/2022,"12,300.00","11,650.00","12,300.00","11,625.00",18.12M,6.96%
25/11/2022,"11,500.00","11,175.00","11,500.00","11,100.00",10.42M,3.84%
24/11/2022,"11,075.00","11,000.00","11,100.00","10,750.00",6.94M,0.68%
23/11/2022,"11,000.00","11,000.00","11,200.00","10,850.00",7.54M,-49.66%
22/11/2022,"21,850.00","22,050.00","23,050.00","21,850.00",7.55M,-1.80%
21/11/2022,"22,250.00","22,650.00","23,100.00","22,250.00",4.51M,-1.98%
18/11/2022,"22,700.00","22,850.00","23,350.00","21,800.00",6.39M,-1.09%
17/11/2022,"22,950.00","22,700.00","23,050.00","22,200.00",5.98M,3.85%
16/11/2022,"22,100.00","19,300.00","22,100.00","19,300.00",18.06M,6.76%
15/11/2022,"20,700.00","22,050.00","22,050.00","20,650.00",10.94M,-6.76%
14/11/2022,"22,200.00","22,200.00","22,400.00","21,300.00",5.83M,-2.63%
11/11/2022,"22,800.00","23,500.00","23,950.00","22,800.00",5.48M,0.22%
10/11/2022,"22,750.00","24,000.00","24,100.00","22,650.00",7.58M,-6.57%
9/11/2022,"24,350.00","24,500.00","25,100.00","24,200.00",3.65M,0.83%
8/11/2022,"24,150.00","23,750.00","24,900.00","23,000.00",5.35M,1.68%
7/11/2022,"23,750.00","25,450.00","25,800.00","23,750.00",6.33M,-6.86%
4/11/2022,"25,500.00","25,000.00","25,500.00","24,050.00",12.63M,-1.35%
3/11/2022,"25,850.00","24,650.00","25,850.00","24,650.00",6.66M,2.58%
2/11/2022,"25,200.00","25,700.00","25,800.00","25,050.00",5.44M,-1.75%
1/11/2022,"25,650.00","25,000.00","26,000.00","25,000.00",8.60M,4.27%
31/10/2022,"24,600.00","24,600.00","24,800.00","23,500.00",7.28M,0.82%
28/10/2022,"24,400.00","23,600.00","24,400.00","23,500.00",12.48M,6.78%
27/10/2022,"22,850.00","21,500.00","22,850.00","21,500.00",5.22M,6.78%
26/10/2022,"21,400.00","21,700.00","21,800.00","21,050.00",3.15M,0.47%
25/10/2022,"21,300.00","21,300.00","22,450.00","20,000.00",9.59M,0.00%
24/10/2022,"21,300.00","23,050.00","23,350.00","21,300.00",11.80M,-6.99%
21/10/2022,"22,900.00","24,850.00","24,850.00","22,900.00",9.63M,-6.91%
20/10/2022,"24,600.00","25,100.00","25,100.00","24,550.00",5.21M,-2.38%
19/10/2022,"25,200.00","25,300.00","25,500.00","24,600.00",4.57M,-0.40%
18/10/2022,"25,300.00","25,600.00","25,900.00","25,150.00",5.03M,0.80%
17/10/2022,"25,100.00","25,500.00","25,500.00","24,350.00",7.76M,-2.33%
14/10/2022,"25,700.00","26,500.00","26,500.00","25,500.00",6.33M,1.58%
13/10/2022,"25,300.00","24,800.00","25,300.00","24,100.00",9.39M,2.02%
12/10/2022,"24,800.00","24,000.00","25,400.00","23,550.00",9.61M,3.33%
11/10/2022,"24,000.00","25,800.00","25,800.00","24,000.00",21.19M,-6.98%
10/10/2022,"25,800.00","25,800.00","26,950.00","25,350.00",18.28M,-5.32%
7/10/2022,"27,250.00","28,900.00","28,900.00","27,250.00",14.35M,-7.00%
6/10/2022,"29,300.00","30,500.00","30,800.00","29,300.00",5.57M,-3.93%
5/10/2022,"30,500.00","31,000.00","31,050.00","30,500.00",3.99M,0.66%
4/10/2022,"30,300.00","30,800.00","31,000.00","30,000.00",5.97M,0.17%
3/10/2022,"30,250.00","32,500.00","32,600.00","30,250.00",6.08M,-6.92%
30/09/2022,"32,500.00","33,000.00","33,200.00","32,200.00",5.24M,-1.52%
29/09/2022,"33,000.00","33,700.00","33,700.00","33,000.00",2.64M,-0.75%
28/09/2022,"33,250.00","33,350.00","33,700.00","33,200.00",2.07M,-0.75%
27/09/2022,"33,500.00","33,550.00","33,900.00","33,200.00",2.34M,0.75%
26/09/2022,"33,250.00","33,850.00","33,850.00","32,950.00",5.22M,-2.78%
23/09/2022,"34,200.00","34,450.00","34,600.00","34,050.00",2.27M,-1.01%
22/09/2022,"34,550.00","34,300.00","34,650.00","34,100.00",2.92M,0.14%
21/09/2022,"34,500.00","35,000.00","35,100.00","34,500.00",2.07M,-1.57%
20/09/2022,"35,050.00","35,550.00","35,550.00","34,900.00",1.99M,0.00%
19/09/2022,"35,050.00","36,000.00","36,000.00","34,850.00",3.78M,-2.64%
16/09/2022,"36,000.00","36,400.00","36,650.00","36,000.00",2.19M,-1.64%
15/09/2022,"36,600.00","37,000.00","37,050.00","36,600.00",1.61M,-0.54%
14/09/2022,"36,800.00","36,500.00","37,000.00","36,500.00",2.79M,-1.34%
13/09/2022,"37,300.00","37,400.00","37,600.00","37,300.00",1.69M,-0.53%
12/9/2022,"37,500.00","37,650.00","37,800.00","37,450.00",1.29M,-0.40%
9/9/2022,"37,650.00","37,700.00","37,700.00","37,000.00",2.95M,0.67%
8/9/2022,"37,400.00","37,750.00","37,900.00","37,350.00",2.47M,-0.40%
7/9/2022,"37,550.00","38,650.00","38,700.00","37,550.00",4.27M,-2.85%
6/9/2022,"38,650.00","38,550.00","39,000.00","38,550.00",2.34M,0.13%
5/9/2022,"38,600.00","38,850.00","38,900.00","38,550.00",2.79M,-0.90%
31/08/2022,"38,950.00","38,750.00","39,150.00","38,650.00",2.27M,0.52%
30/08/2022,"38,750.00","38,800.00","39,150.00","38,750.00",3.81M,0.00%
29/08/2022,"38,750.00","38,800.00","39,100.00","38,500.00",4.47M,-1.90%
26/08/2022,"39,500.00","39,600.00","39,950.00","39,500.00",4.35M,-0.13%
25/08/2022,"39,550.00","39,300.00","39,700.00","39,300.00",3.71M,0.76%
24/08/2022,"39,250.00","38,800.00","39,750.00","38,800.00",3.99M,1.16%
23/08/2022,"38,800.00","38,650.00","38,800.00","38,350.00",3.34M,0.26%
22/08/2022,"38,700.00","38,850.00","39,100.00","38,550.00",3.09M,-0.77%
19/08/2022,"39,000.00","39,050.00","39,200.00","38,950.00",2.57M,-0.26%
18/08/2022,"39,100.00","39,100.00","39,500.00","38,950.00",5.34M,-0.51%
17/08/2022,"39,300.00","39,050.00","39,350.00","39,000.00",4.46M,0.77%
16/08/2022,"39,000.00","39,050.00","39,200.00","38,950.00",3.04M,-0.26%
15/08/2022,"39,100.00","39,000.00","39,350.00","38,850.00",4.37M,0.77%
12/8/2022,"38,800.00","38,500.00","38,800.00","38,250.00",2.82M,0.78%
11/8/2022,"38,500.00","39,100.00","39,300.00","38,350.00",4.92M,-0.77%
10/8/2022,"38,800.00","38,850.00","39,050.00","38,700.00",3.00M,-0.89%
9/8/2022,"39,150.00","39,400.00","39,650.00","39,000.00",4.31M,-0.13%
8/8/2022,"39,200.00","38,500.00","39,650.00","38,500.00",8.00M,2.08%
5/8/2022,"38,400.00","38,400.00","38,800.00","38,300.00",3.91M,0.00%
4/8/2022,"38,400.00","38,250.00","38,850.00","38,200.00",4.63M,0.66%
3/8/2022,"38,150.00","38,300.00","38,400.00","37,850.00",4.94M,-0.39%
2/8/2022,"38,300.00","38,400.00","38,600.00","38,050.00",4.61M,-0.78%
1/8/2022,"38,600.00","37,850.00","38,800.00","37,600.00",6.88M,1.85%
29/07/2022,"37,900.00","37,500.00","37,900.00","37,150.00",5.49M,1.61%
28/07/2022,"37,300.00","36,900.00","37,500.00","36,800.00",5.60M,1.91%
27/07/2022,"36,600.00","36,400.00","36,600.00","36,400.00",1.65M,0.00%
26/07/2022,"36,600.00","36,800.00","37,050.00","36,550.00",2.79M,-0.54%
25/07/2022,"36,800.00","36,850.00","37,100.00","36,750.00",2.34M,-0.81%
22/07/2022,"37,100.00","37,300.00","37,900.00","37,050.00",4.42M,0.68%
21/07/2022,"36,850.00","36,600.00","36,900.00","36,300.00",5.49M,1.52%
20/07/2022,"36,300.00","36,500.00","36,600.00","36,200.00",4.92M,0.55%
19/07/2022,"36,100.00","36,250.00","36,300.00","35,750.00",2.57M,-0.55%
18/07/2022,"36,300.00","36,300.00","36,850.00","36,100.00",2.99M,0.55%
15/07/2022,"36,100.00","36,100.00","36,550.00","36,100.00",4.09M,0.42%
14/07/2022,"35,950.00","35,900.00","36,300.00","35,850.00",2.90M,-0.42%
13/07/2022,"36,100.00","36,150.00","36,800.00","36,000.00",3.16M,0.00%
12/7/2022,"36,100.00","35,800.00","36,100.00","35,650.00",3.92M,1.40%
11/7/2022,"35,600.00","37,050.00","37,300.00","35,500.00",8.45M,-5.19%
8/7/2022,"37,550.00","37,950.00","38,000.00","37,350.00",4.06M,-0.66%
7/7/2022,"37,800.00","37,450.00","38,000.00","37,000.00",3.57M,0.53%
6/7/2022,"37,600.00","37,500.00","38,400.00","37,200.00",6.06M,-0.40%
5/7/2022,"37,750.00","36,600.00","38,250.00","36,350.00",10.89M,3.85%
4/7/2022,"36,350.00","36,250.00","36,700.00","36,050.00",3.15M,0.97%
1/7/2022,"36,000.00","35,600.00","36,250.00","34,850.00",3.47M,1.27%
30/06/2022,"35,550.00","36,550.00","37,100.00","35,550.00",3.57M,-3.27%
29/06/2022,"36,750.00","36,200.00","37,150.00","36,200.00",3.05M,0.14%
28/06/2022,"36,700.00","35,500.00","36,950.00","35,350.00",5.34M,3.23%
27/06/2022,"35,550.00","35,550.00","35,950.00","35,500.00",4.28M,0.14%
24/06/2022,"35,500.00","35,950.00","36,100.00","35,500.00",2.97M,-1.25%
23/06/2022,"35,950.00","34,800.00","36,400.00","34,550.00",4.71M,3.30%
22/06/2022,"34,800.00","33,750.00","35,300.00","33,450.00",6.21M,5.45%
21/06/2022,"33,000.00","33,100.00","33,800.00","32,800.00",4.90M,0.00%
20/06/2022,"33,000.00","34,500.00","35,200.00","33,000.00",4.00M,-4.35%
17/06/2022,"34,500.00","35,050.00","35,400.00","33,850.00",4.99M,-4.30%
16/06/2022,"36,050.00","35,900.00","36,500.00","35,600.00",5.92M,0.98%
15/06/2022,"35,700.00","35,700.00","36,150.00","35,050.00",5.45M,-0.14%
14/06/2022,"35,750.00","35,300.00","36,300.00","35,200.00",3.74M,-0.69%
13/06/2022,"36,000.00","37,000.00","37,250.00","35,950.00",6.67M,-5.14%
10/6/2022,"37,950.00","37,000.00","38,900.00","36,950.00",8.19M,1.47%
9/6/2022,"37,400.00","37,250.00","37,550.00","37,050.00",5.78M,0.40%
8/6/2022,"37,250.00","36,300.00","37,450.00","36,150.00",6.46M,2.90%
7/6/2022,"36,200.00","36,000.00","36,200.00","35,000.00",4.64M,0.42%
6/6/2022,"36,050.00","36,450.00","36,800.00","36,000.00",3.85M,-1.10%
3/6/2022,"36,450.00","36,350.00","36,850.00","36,050.00",3.04M,0.14%
2/6/2022,"36,400.00","36,900.00","37,000.00","36,000.00",3.53M,-1.22%
1/6/2022,"36,850.00","37,000.00","37,700.00","36,650.00",3.83M,-0.81%
31/05/2022,"37,150.00","37,450.00","37,600.00","37,150.00",5.12M,-1.59%
30/05/2022,"37,750.00","38,000.00","38,000.00","37,450.00",4.22M,0.80%
27/05/2022,"37,450.00","36,900.00","37,450.00","36,850.00",5.78M,2.04%
26/05/2022,"36,700.00","36,700.00","37,250.00","36,550.00",4.69M,0.55%
25/05/2022,"36,500.00","35,850.00","36,650.00","35,500.00",6.71M,3.55%
24/05/2022,"35,250.00","34,800.00","35,250.00","34,400.00",4.27M,1.15%
23/05/2022,"34,850.00","35,800.00","36,200.00","34,850.00",5.29M,-2.38%
20/05/2022,"35,700.00","35,800.00","36,450.00","35,350.00",5.44M,-0.28%
19/05/2022,"35,800.00","35,400.00","36,400.00","35,200.00",5.69M,-0.69%
18/05/2022,"36,050.00","35,700.00","36,900.00","35,350.00",8.69M,3.44%
17/05/2022,"34,850.00","32,600.00","34,850.00","32,550.00",9.45M,6.90%
16/05/2022,"32,600.00","35,100.00","35,800.00","32,600.00",11.69M,-3.55%
13/05/2022,"33,800.00","36,300.00","36,800.00","33,800.00",15.20M,-6.89%
12/5/2022,"36,300.00","39,000.00","39,000.00","36,300.00",7.31M,-6.92%
11/5/2022,"39,000.00","39,000.00","39,450.00","38,450.00",4.07M,0.78%
10/5/2022,"38,700.00","37,450.00","38,850.00","37,450.00",10.24M,0.26%
9/5/2022,"38,600.00","41,200.00","41,400.00","38,600.00",12.36M,-6.99%
6/5/2022,"41,500.00","41,700.00","42,300.00","41,500.00",4.89M,-2.58%
5/5/2022,"42,600.00","42,850.00","42,850.00","41,400.00",4.80M,1.43%
4/5/2022,"42,000.00","43,500.00","43,650.00","42,000.00",6.38M,-4.55%
29/04/2022,"44,000.00","42,300.00","44,000.00","42,200.00",9.80M,4.02%
28/04/2022,"42,300.00","41,650.00","42,800.00","41,650.00",4.73M,1.68%
27/04/2022,"41,600.00","41,500.00","42,200.00","40,900.00",6.15M,0.24%
26/04/2022,"41,500.00","40,600.00","42,000.00","38,850.00",11.12M,1.10%
25/04/2022,"41,050.00","44,200.00","44,300.00","41,050.00",12.32M,-6.92%
22/04/2022,"44,100.00","44,000.00","44,750.00","43,550.00",6.68M,1.15%
21/04/2022,"43,600.00","43,000.00","44,000.00","42,900.00",10.02M,1.28%
20/04/2022,"43,050.00","43,700.00","44,200.00","43,050.00",7.91M,-1.49%
19/04/2022,"43,700.00","45,000.00","45,450.00","43,500.00",7.23M,-2.56%
18/04/2022,"44,850.00","46,000.00","46,250.00","44,800.00",11.51M,-1.64%
15/04/2022,"45,600.00","47,300.00","47,300.00","45,600.00",18.62M,-3.59%
14/04/2022,"47,300.00","48,050.00","48,350.00","47,150.00",8.32M,-1.46%
13/04/2022,"48,000.00","48,400.00","48,450.00","47,900.00",6.72M,0.00%
12/4/2022,"48,000.00","48,700.00","48,900.00","47,900.00",8.28M,-1.74%
8/4/2022,"48,850.00","49,400.00","49,400.00","48,800.00",7.03M,-0.91%
7/4/2022,"49,300.00","49,900.00","50,300.00","49,300.00",5.97M,-1.20%
6/4/2022,"49,900.00","48,900.00","49,900.00","48,700.00",9.01M,1.73%
5/4/2022,"49,050.00","49,400.00","49,500.00","49,050.00",5.80M,-1.21%
4/4/2022,"49,650.00","50,400.00","50,600.00","49,650.00",9.78M,-1.29%
1/4/2022,"50,300.00","49,550.00","50,400.00","49,400.00",9.58M,1.51%
31/03/2022,"49,550.00","49,500.00","49,700.00","49,300.00",5.25M,0.81%
30/03/2022,"49,150.00","48,900.00","49,900.00","48,900.00",5.60M,0.51%
29/03/2022,"48,900.00","48,900.00","49,150.00","48,650.00",4.27M,0.20%
28/03/2022,"48,800.00","49,150.00","49,150.00","48,350.00",6.60M,-0.91%
25/03/2022,"49,250.00","49,400.00","49,450.00","49,150.00",3.18M,-0.10%
24/03/2022,"49,300.00","49,600.00","49,800.00","49,300.00",3.21M,-0.60%
23/03/2022,"49,600.00","49,900.00","50,200.00","49,600.00",3.41M,-0.60%
22/03/2022,"49,900.00","49,550.00","50,300.00","49,500.00",5.95M,0.91%
21/03/2022,"49,450.00","49,250.00","49,550.00","49,100.00",3.92M,0.51%
18/03/2022,"49,200.00","49,150.00","49,400.00","49,100.00",2.91M,0.41%
17/03/2022,"49,000.00","49,450.00","49,500.00","49,000.00",3.25M,-0.10%
16/03/2022,"49,050.00","48,800.00","49,450.00","48,800.00",4.54M,0.93%
15/03/2022,"48,600.00","48,600.00","49,000.00","48,500.00",3.83M,0.21%
14/03/2022,"48,500.00","48,800.00","48,900.00","48,300.00",5.16M,-0.82%
11/3/2022,"48,900.00","49,200.00","49,200.00","48,700.00",6.42M,-0.71%
10/3/2022,"49,250.00","49,800.00","49,800.00","49,250.00",4.39M,0.31%
9/3/2022,"49,100.00","49,000.00","49,350.00","48,900.00",6.96M,0.20%
8/3/2022,"49,000.00","49,000.00","49,500.00","48,800.00",8.77M,-0.51%
7/3/2022,"49,250.00","49,500.00","49,600.00","49,100.00",8.12M,-1.40%
4/3/2022,"49,950.00","49,750.00","50,400.00","49,500.00",7.02M,0.60%
3/3/2022,"49,650.00","49,500.00","49,900.00","49,150.00",7.39M,0.91%
2/3/2022,"49,200.00","50,100.00","50,100.00","49,200.00",17.89M,-2.19%
1/3/2022,"50,300.00","50,700.00","50,700.00","50,100.00",6.95M,-0.20%
28/02/2022,"50,400.00","50,500.00","50,900.00","50,200.00",7.11M,-0.59%
25/02/2022,"50,700.00","51,000.00","51,300.00","50,500.00",6.67M,0.40%
24/02/2022,"50,500.00","51,500.00","51,900.00","49,800.00",15.53M,-2.32%
23/02/2022,"51,700.00","51,700.00","52,200.00","51,400.00",6.19M,0.58%
22/02/2022,"51,400.00","51,000.00","51,700.00","50,600.00",10.56M,-0.19%
21/02/2022,"51,500.00","51,600.00","51,700.00","50,800.00",8.65M,-0.19%
18/02/2022,"51,600.00","51,700.00","52,000.00","51,500.00",6.54M,-1.15%
17/02/2022,"52,200.00","51,600.00","52,500.00","51,600.00",7.30M,1.16%
16/02/2022,"51,600.00","52,200.00","52,200.00","51,500.00",6.17M,-0.39%
15/02/2022,"51,800.00","51,600.00","52,100.00","51,300.00",8.58M,0.58%
14/02/2022,"51,500.00","53,200.00","53,200.00","51,500.00",18.77M,-4.10%
11/2/2022,"53,700.00","53,500.00","53,800.00","53,000.00",7.85M,0.19%
10/2/2022,"53,600.00","53,600.00","54,200.00","53,100.00",11.22M,0.00%
9/2/2022,"53,600.00","54,000.00","54,900.00","53,600.00",17.39M,-0.37%
8/2/2022,"53,800.00","52,800.00","54,300.00","52,800.00",16.48M,1.89%
7/2/2022,"52,800.00","53,700.00","53,800.00","52,800.00",9.81M,0.00%
28/01/2022,"52,800.00","51,900.00","53,000.00","51,600.00",10.29M,1.73%
27/01/2022,"51,900.00","52,000.00","52,700.00","51,500.00",8.04M,-0.95%
26/01/2022,"52,400.00","52,400.00","53,300.00","52,000.00",15.04M,0.96%
25/01/2022,"51,900.00","51,200.00","52,100.00","51,000.00",14.47M,3.18%
24/01/2022,"50,300.00","49,950.00","51,400.00","49,800.00",16.27M,1.00%
21/01/2022,"49,800.00","49,000.00","50,800.00","48,900.00",10.32M,1.94%
20/01/2022,"48,850.00","48,650.00","49,400.00","48,600.00",6.43M,0.00%
19/01/2022,"48,850.00","49,000.00","49,400.00","48,800.00",4.22M,0.21%
18/01/2022,"48,750.00","48,600.00","49,450.00","48,500.00",7.89M,0.31%
17/01/2022,"48,600.00","49,700.00","50,500.00","48,600.00",10.99M,-2.31%
14/01/2022,"49,750.00","50,000.00","50,400.00","49,500.00",5.19M,-1.49%
13/01/2022,"50,500.00","50,900.00","51,800.00","50,200.00",14.42M,0.20%
12/1/2022,"50,400.00","48,450.00","50,400.00","48,400.00",12.04M,4.02%
11/1/2022,"48,450.00","48,900.00","49,100.00","48,400.00",7.30M,-0.41%
10/1/2022,"48,650.00","49,500.00","49,600.00","48,650.00",8.77M,-1.62%
7/1/2022,"49,450.00","49,900.00","50,100.00","49,400.00",7.83M,-0.90%
6/1/2022,"49,900.00","50,200.00","50,400.00","49,600.00",10.72M,-1.19%
5/1/2022,"50,500.00","50,900.00","51,200.00","50,300.00",9.57M,-0.79%
4/1/2022,"50,900.00","50,500.00","51,200.00","50,300.00",11.33M,1.80%
31/12/2021,"50,000.00","49,500.00","50,500.00","49,450.00",9.55M,1.42%
30/12/2021,"49,300.00","49,200.00","49,750.00","49,000.00",5.32M,0.41%
29/12/2021,"49,100.00","49,150.00","49,650.00","49,000.00",6.14M,-0.10%
28/12/2021,"49,150.00","49,250.00","49,350.00","48,700.00",7.47M,0.61%
27/12/2021,"48,850.00","49,400.00","49,400.00","48,500.00",4.73M,-0.10%
24/12/2021,"48,900.00","47,450.00","49,150.00","47,450.00",6.14M,3.27%
23/12/2021,"47,350.00","48,850.00","48,850.00","47,300.00",13.50M,-3.17%
22/12/2021,"48,900.00","49,300.00","49,500.00","48,300.00",12.63M,-0.71%
21/12/2021,"49,250.00","49,500.00","49,700.00","49,200.00",7.26M,-0.51%
20/12/2021,"49,500.00","49,850.00","50,000.00","49,350.00",7.69M,-0.70%
17/12/2021,"49,850.00","50,000.00","50,100.00","49,800.00",7.90M,0.00%
16/12/2021,"49,850.00","50,500.00","50,500.00","49,850.00",6.33M,-0.70%
15/12/2021,"50,200.00","50,300.00","50,800.00","49,950.00",6.82M,0.20%
14/12/2021,"50,100.00","50,000.00","50,800.00","49,850.00",7.14M,0.20%
13/12/2021,"50,000.00","50,300.00","50,400.00","49,950.00",7.44M,-0.40%
10/12/2021,"50,200.00","50,500.00","50,900.00","50,100.00",7.51M,-0.40%
9/12/2021,"50,400.00","50,000.00","50,400.00","49,850.00",5.20M,0.80%
8/12/2021,"50,000.00","50,200.00","50,800.00","49,900.00",7.65M,0.00%
7/12/2021,"50,000.00","49,600.00","50,300.00","49,350.00",8.98M,2.04%
6/12/2021,"49,000.00","50,300.00","51,000.00","48,650.00",22.91M,-2.39%
3/12/2021,"50,200.00","52,000.00","52,200.00","50,200.00",15.57M,-2.90%
2/12/2021,"51,700.00","52,400.00","52,600.00","51,700.00",8.97M,-1.34%
1/12/2021,"52,400.00","51,600.00","52,400.00","51,500.00",11.34M,1.16%
30/11/2021,"51,800.00","53,100.00","53,100.00","51,500.00",24.49M,-0.96%
29/11/2021,"52,300.00","53,000.00","53,400.00","52,100.00",28.24M,-3.15%
26/11/2021,"54,000.00","55,100.00","55,500.00","53,900.00",21.92M,-1.64%
25/11/2021,"54,900.00","56,000.00","56,000.00","54,700.00",17.98M,-1.08%
24/11/2021,"55,500.00","52,600.00","55,700.00","52,300.00",52.38M,5.51%
23/11/2021,"52,600.00","53,400.00","53,500.00","52,400.00",10.60M,-0.94%
22/11/2021,"53,100.00","52,300.00","54,800.00","52,300.00",23.61M,1.53%
19/11/2021,"52,300.00","51,800.00","53,400.00","51,200.00",29.91M,1.55%
18/11/2021,"51,500.00","52,000.00","52,200.00","51,400.00",12.83M,-1.34%
17/11/2021,"52,200.00","52,000.00","52,400.00","51,700.00",12.11M,0.38%
16/11/2021,"52,000.00","52,000.00","52,900.00","51,600.00",12.52M,0.00%
15/11/2021,"52,000.00","52,800.00","53,000.00","51,900.00",11.08M,-0.95%
12/11/2021,"52,500.00","51,400.00","52,700.00","51,100.00",12.72M,1.94%
11/11/2021,"51,500.00","51,700.00","52,400.00","50,700.00",21.84M,-0.39%
10/11/2021,"51,700.00","52,600.00","52,700.00","51,600.00",19.48M,-1.15%
9/11/2021,"52,300.00","53,000.00","53,300.00","52,300.00",21.53M,-0.57%
8/11/2021,"52,600.00","52,800.00","53,300.00","52,300.00",21.19M,-0.75%
5/11/2021,"53,000.00","53,500.00","53,500.00","52,700.00",13.45M,-0.56%
4/11/2021,"53,300.00","53,700.00","54,200.00","52,800.00",18.68M,-0.74%
3/11/2021,"53,700.00","52,300.00","54,200.00","52,000.00",39.74M,4.07%
2/11/2021,"51,600.00","51,800.00","51,800.00","51,500.00",15.47M,0.00%
1/11/2021,"51,600.00","51,700.00","52,500.00","51,500.00",25.40M,0.00%
29/10/2021,"51,600.00","51,900.00","52,000.00","51,300.00",12.74M,-0.39%
28/10/2021,"51,800.00","52,000.00","52,100.00","51,500.00",13.86M,0.58%
27/10/2021,"51,500.00","51,200.00","51,800.00","50,900.00",16.75M,0.98%
26/10/2021,"51,000.00","50,400.00","51,000.00","49,950.00",20.16M,0.20%
25/10/2021,"50,900.00","52,100.00","52,100.00","50,800.00",28.53M,-2.68%
22/10/2021,"52,300.00","52,900.00","53,000.00","52,200.00",11.64M,-1.13%
21/10/2021,"52,900.00","54,000.00","54,000.00","52,900.00",15.32M,-0.56%
20/10/2021,"53,200.00","52,800.00","53,900.00","52,500.00",22.70M,0.95%
19/10/2021,"52,700.00","52,900.00","53,000.00","52,000.00",14.17M,-0.38%
18/10/2021,"52,900.00","53,200.00","53,600.00","52,700.00",15.02M,0.57%
15/10/2021,"52,600.00","52,900.00","52,900.00","52,300.00",11.95M,0.19%
14/10/2021,"52,500.00","52,500.00","53,000.00","52,200.00",19.79M,0.19%
13/10/2021,"52,400.00","53,000.00","53,200.00","52,300.00",14.19M,-1.13%
12/10/2021,"53,000.00","53,400.00","53,400.00","52,600.00",14.22M,0.00%
11/10/2021,"53,000.00","51,000.00","53,000.00","51,000.00",23.10M,4.54%
8/10/2021,"50,700.00","50,100.00","50,900.00","50,000.00",7.63M,1.40%
7/10/2021,"50,000.00","50,600.00","50,800.00","50,000.00",5.41M,-0.60%
6/10/2021,"50,300.00","49,450.00","50,500.00","49,200.00",8.58M,2.44%
5/10/2021,"49,100.00","48,600.00","49,200.00","48,600.00",5.89M,1.55%
4/10/2021,"48,350.00","48,800.00","48,950.00","48,300.00",9.51M,-1.33%
1/10/2021,"49,000.00","49,600.00","49,800.00","48,900.00",6.50M,-1.21%
30/09/2021,"49,600.00","49,700.00","50,400.00","49,600.00",5.28M,0.40%
29/09/2021,"49,400.00","49,200.00","49,750.00","48,900.00",5.68M,-0.80%
28/09/2021,"49,800.00","49,300.00","49,850.00","48,800.00",5.57M,0.61%
27/09/2021,"49,500.00","50,700.00","51,100.00","49,500.00",6.85M,-2.17%
24/09/2021,"50,600.00","50,700.00","51,500.00","50,300.00",7.36M,0.80%
23/09/2021,"50,200.00","50,600.00","51,300.00","50,000.00",8.63M,-0.59%
22/09/2021,"50,500.00","50,900.00","50,900.00","49,900.00",4.96M,0.20%
21/09/2021,"50,400.00","50,100.00","50,900.00","49,750.00",10.06M,-0.59%
20/09/2021,"50,700.00","50,500.00","51,600.00","50,100.00",13.07M,1.91%
17/09/2021,"49,750.00","49,200.00","49,900.00","49,200.00",8.27M,1.32%
16/09/2021,"49,100.00","48,900.00","49,150.00","48,600.00",5.52M,1.45%
15/09/2021,"48,400.00","48,200.00","48,800.00","48,100.00",5.04M,-0.21%
14/09/2021,"48,500.00","48,950.00","49,100.00","48,500.00",6.14M,-0.92%
13/09/2021,"48,950.00","49,150.00","49,450.00","48,900.00",6.80M,-0.71%
10/9/2021,"49,300.00","49,800.00","49,800.00","49,000.00",7.22M,0.00%
9/9/2021,"49,300.00","48,500.00","49,500.00","48,500.00",7.85M,1.02%
8/9/2021,"48,800.00","49,600.00","49,650.00","48,600.00",7.15M,-1.71%
7/9/2021,"49,650.00","49,050.00","50,400.00","49,050.00",11.61M,1.43%
6/9/2021,"48,950.00","48,650.00","48,950.00","47,900.00",12.88M,1.35%
1/9/2021,"48,300.00","48,200.00","48,950.00","48,200.00",8.53M,-0.41%
31/08/2021,"48,500.00","49,500.00","49,500.00","47,000.00",7.77M,-1.42%
30/08/2021,"49,200.00","48,600.00","49,400.00","48,100.00",12.30M,2.39%
27/08/2021,"48,050.00","47,800.00","48,150.00","47,000.00",19.69M,-0.52%
26/08/2021,"48,300.00","49,300.00","49,350.00","48,200.00",10.11M,-1.73%
25/08/2021,"49,150.00","48,900.00","49,200.00","48,500.00",9.43M,0.31%
24/08/2021,"49,000.00","48,750.00","49,200.00","48,400.00",16.21M,0.51%
23/08/2021,"48,750.00","50,300.00","50,800.00","48,750.00",26.00M,-3.47%
20/08/2021,"50,500.00","52,800.00","53,000.00","49,800.00",31.46M,-4.72%
19/08/2021,"53,000.00","52,500.00","53,300.00","52,100.00",18.77M,0.38%
18/08/2021,"52,800.00","53,000.00","53,500.00","52,500.00",12.91M,-0.94%
17/08/2021,"53,300.00","54,300.00","54,700.00","52,800.00",16.00M,-1.30%
16/08/2021,"54,000.00","52,300.00","54,400.00","52,100.00",30.30M,3.45%
13/08/2021,"52,200.00","52,000.00","52,200.00","51,100.00",15.40M,0.38%
12/8/2021,"52,000.00","52,400.00","53,000.00","52,000.00",11.78M,-0.57%
11/8/2021,"52,300.00","52,300.00","53,500.00","51,900.00",20.47M,0.00%
10/8/2021,"52,300.00","53,000.00","53,000.00","51,900.00",12.27M,-0.38%
9/8/2021,"52,500.00","51,500.00","52,700.00","51,300.00",15.21M,1.35%
6/8/2021,"51,800.00","52,500.00","53,200.00","51,800.00",16.08M,-1.33%
5/8/2021,"52,500.00","51,900.00","52,700.00","51,700.00",12.02M,0.96%
4/8/2021,"52,000.00","52,500.00","52,600.00","51,800.00",19.18M,0.39%
3/8/2021,"51,800.00","50,800.00","52,000.00","50,800.00",22.93M,1.97%
2/8/2021,"50,800.00","51,000.00","51,400.00","50,600.00",14.03M,-0.59%
30/07/2021,"51,100.00","50,700.00","51,600.00","50,500.00",16.93M,0.99%
29/07/2021,"50,600.00","50,100.00","50,800.00","50,000.00",12.54M,1.81%
28/07/2021,"49,700.00","49,750.00","50,300.00","49,500.00",7.47M,-0.10%
27/07/2021,"49,750.00","50,000.00","50,300.00","49,550.00",13.27M,1.53%
26/07/2021,"49,000.00","49,000.00","49,650.00","48,700.00",14.42M,-1.01%
23/07/2021,"49,500.00","50,600.00","51,100.00","49,500.00",20.07M,-3.13%
22/07/2021,"51,100.00","50,100.00","51,500.00","49,800.00",13.89M,1.59%
21/07/2021,"50,300.00","50,600.00","51,400.00","49,600.00",18.60M,1.62%
20/07/2021,"49,500.00","48,300.00","49,600.00","47,000.00",23.86M,3.13%
19/07/2021,"48,000.00","50,000.00","50,900.00","48,000.00",39.33M,-6.98%
16/07/2021,"51,600.00","52,600.00","52,900.00","51,600.00",13.99M,-0.96%
15/07/2021,"52,100.00","51,000.00","53,200.00","50,800.00",20.32M,2.16%
14/07/2021,"51,000.00","53,700.00","53,800.00","50,600.00",33.44M,-5.38%
13/07/2021,"53,900.00","54,100.00","54,300.00","52,800.00",20.07M,0.75%
12/7/2021,"53,500.00","55,500.00","56,500.00","52,700.00",58.24M,-5.48%
9/7/2021,"56,600.00","56,100.00","58,500.00","55,600.00",38.23M,0.00%
8/7/2021,"56,600.00","55,800.00","57,400.00","55,600.00",27.36M,0.00%
7/7/2021,"56,600.00","55,000.00","56,600.00","53,600.00",37.77M,4.81%
6/7/2021,"54,000.00","57,800.00","58,600.00","54,000.00",23.01M,-6.90%
5/7/2021,"58,000.00","54,800.00","58,100.00","53,800.00",47.55M,6.81%
2/7/2021,"54,300.00","54,200.00","54,900.00","53,600.00",29.38M,1.88%
1/7/2021,"53,300.00","52,900.00","53,500.00","52,100.00",19.33M,1.14%
30/06/2021,"52,700.00","53,400.00","53,800.00","52,600.00",11.46M,-1.50%
29/06/2021,"53,500.00","53,600.00","53,800.00","52,800.00",16.06M,-0.19%
28/06/2021,"53,600.00","52,500.00","54,000.00","52,200.00",25.72M,3.88%
25/06/2021,"51,600.00","51,000.00","51,600.00","50,400.00",10.95M,1.38%
24/06/2021,"50,900.00","51,300.00","51,700.00","50,600.00",10.69M,-0.39%
23/06/2021,"51,100.00","50,900.00","52,100.00","50,600.00",13.10M,0.39%
22/06/2021,"50,900.00","50,800.00","51,300.00","50,300.00",17.22M,0.99%
21/06/2021,"50,400.00","50,500.00","51,000.00","50,000.00",14.92M,-1.18%
18/06/2021,"51,000.00","51,000.00","51,400.00","50,600.00",9.96M,1.59%
17/06/2021,"50,200.00","49,500.00","50,800.00","49,500.00",18.68M,-0.99%
16/06/2021,"50,700.00","51,500.00","52,200.00","50,500.00",20.58M,-3.06%
15/06/2021,"52,300.00","52,600.00","53,200.00","52,000.00",19.61M,-0.76%
14/06/2021,"52,700.00","52,700.00","53,300.00","52,000.00",16.83M,0.19%
11/6/2021,"52,600.00","50,500.00","53,200.00","50,100.00",29.60M,4.99%
10/6/2021,"50,100.00","50,800.00","51,200.00","50,000.00",10.94M,-1.38%
9/6/2021,"50,800.00","49,700.00","51,100.00","49,000.00",22.40M,2.63%
8/6/2021,"49,500.00","52,300.00","52,900.00","49,000.00",25.30M,-5.53%
7/6/2021,"52,400.00","53,000.00","54,400.00","51,000.00",20.39M,-4.03%
4/6/2021,"54,600.00","54,800.00","55,200.00","54,000.00",13.37M,-0.36%
3/6/2021,"54,800.00","53,300.00","55,100.00","52,800.00",23.74M,3.79%
2/6/2021,"52,800.00","52,900.00","53,300.00","51,800.00",24.56M,-0.56%
1/6/2021,"53,100.00","54,100.00","54,300.00","53,000.00",12.36M,-1.12%
31/05/2021,"53,700.00","53,200.00","53,700.00","52,200.00",17.05M,1.32%
28/05/2021,"53,000.00","51,700.00","53,300.00","51,200.00",20.00M,3.11%
27/05/2021,"51,400.00","53,200.00","53,500.00","50,800.00",15.94M,-2.65%
26/05/2021,"52,800.00","51,600.00","53,000.00","51,200.00",16.51M,2.33%
25/05/2021,"51,600.00","51,200.00","52,100.00","51,200.00",10.56M,1.38%
24/05/2021,"50,900.00","50,700.00","51,200.00","50,400.00",14.67M,0.20%
21/05/2021,"50,800.00","50,000.00","51,700.00","49,850.00",18.85M,1.20%
20/05/2021,"50,200.00","50,700.00","50,800.00","49,900.00",13.17M,0.20%
19/05/2021,"50,100.00","48,400.00","50,200.00","48,400.00",17.47M,3.62%
18/05/2021,"48,350.00","47,700.00","48,900.00","47,550.00",16.91M,1.04%
17/05/2021,"47,850.00","48,750.00","49,100.00","47,600.00",17.12M,-1.64%
14/05/2021,"48,650.00","48,900.00","48,950.00","48,150.00",13.91M,1.35%
13/05/2021,"48,000.00","48,950.00","49,850.00","48,000.00",18.05M,-2.54%
12/5/2021,"49,250.00","46,700.00","49,250.00","46,700.00",23.55M,4.79%
11/5/2021,"47,000.00","48,100.00","48,250.00","47,000.00",16.02M,-2.29%
10/5/2021,"48,100.00","46,700.00","48,400.00","46,700.00",19.61M,2.23%
7/5/2021,"47,050.00","46,800.00","47,800.00","46,400.00",22.03M,-0.11%
6/5/2021,"47,100.00","45,100.00","47,450.00","45,050.00",26.77M,2.50%
5/5/2021,"45,950.00","44,400.00","46,400.00","44,350.00",28.21M,5.88%
4/5/2021,"43,400.00","40,300.00","43,400.00","40,100.00",31.75M,5.85%
29/04/2021,"41,000.00","40,050.00","41,750.00","39,950.00",17.97M,2.63%
28/04/2021,"39,950.00","39,500.00","40,400.00","39,500.00",6.07M,1.14%
27/04/2021,"39,500.00","39,450.00","40,100.00","39,350.00",7.37M,0.13%
26/04/2021,"39,450.00","40,500.00","40,800.00","39,450.00",12.16M,-2.59%
23/04/2021,"40,500.00","39,750.00","40,550.00","39,100.00",10.60M,2.02%
22/04/2021,"39,700.00","40,700.00","41,100.00","39,700.00",8.35M,-3.52%
20/04/2021,"41,150.00","41,550.00","41,900.00","40,800.00",11.23M,-1.08%
19/04/2021,"41,600.00","40,800.00","41,700.00","40,000.00",11.23M,2.84%
16/04/2021,"40,450.00","40,800.00","41,200.00","39,600.00",15.49M,-1.10%
15/04/2021,"40,900.00","41,950.00","41,950.00","40,900.00",14.75M,-2.15%
14/04/2021,"41,800.00","41,100.00","41,950.00","40,900.00",9.75M,0.48%
13/04/2021,"41,600.00","42,500.00","42,500.00","41,500.00",15.10M,-1.30%
12/4/2021,"42,150.00","42,000.00","42,300.00","41,600.00",14.99M,1.32%
9/4/2021,"41,600.00","41,700.00","42,000.00","41,500.00",8.02M,-0.83%
8/4/2021,"41,950.00","42,400.00","42,450.00","41,700.00",7.52M,-0.59%
7/4/2021,"42,200.00","42,000.00","42,550.00","41,800.00",7.73M,0.00%
6/4/2021,"42,200.00","41,450.00","42,500.00","41,100.00",14.96M,1.69%
5/4/2021,"41,500.00","41,700.00","41,800.00","41,150.00",11.03M,0.61%
2/4/2021,"41,250.00","41,600.00","41,800.00","41,200.00",8.26M,0.61%
1/4/2021,"41,000.00","40,500.00","41,000.00","40,250.00",11.07M,1.49%
31/03/2021,"40,400.00","40,200.00","40,950.00","40,050.00",10.30M,0.87%
30/03/2021,"40,050.00","39,700.00","40,400.00","39,450.00",10.77M,1.26%
29/03/2021,"39,550.00","39,700.00","39,750.00","39,150.00",8.38M,0.38%
26/03/2021,"39,400.00","39,150.00","39,650.00","38,400.00",10.19M,0.13%
25/03/2021,"39,350.00","39,400.00","39,800.00","39,200.00",10.42M,0.13%
24/03/2021,"39,300.00","39,800.00","40,450.00","39,300.00",13.79M,-2.84%
23/03/2021,"40,450.00","41,100.00","41,400.00","40,400.00",13.00M,-2.06%
22/03/2021,"41,300.00","42,000.00","42,000.00","41,150.00",10.55M,-1.67%
19/03/2021,"42,000.00","41,500.00","42,150.00","41,500.00",7.41M,0.12%
18/03/2021,"41,950.00","41,200.00","41,950.00","40,700.00",16.41M,4.09%
17/03/2021,"40,300.00","40,000.00","40,400.00","39,700.00",9.54M,1.13%
16/03/2021,"39,850.00","40,100.00","40,200.00","39,300.00",11.58M,-0.62%
15/03/2021,"40,100.00","40,200.00","40,500.00","39,900.00",8.64M,0.12%
12/3/2021,"40,050.00","40,400.00","40,500.00","39,750.00",8.05M,-0.25%
11/3/2021,"40,150.00","39,700.00","40,500.00","39,450.00",15.37M,2.16%
10/3/2021,"39,300.00","39,000.00","39,400.00","38,500.00",9.05M,0.90%
9/3/2021,"38,950.00","38,600.00","39,300.00","38,200.00",10.59M,0.26%
8/3/2021,"38,850.00","39,500.00","39,700.00","38,500.00",10.81M,-0.89%
5/3/2021,"39,200.00","38,900.00","39,350.00","38,300.00",11.17M,0.38%
4/3/2021,"39,050.00","40,400.00","40,500.00","38,600.00",16.23M,-3.22%
3/3/2021,"40,350.00","40,350.00","40,500.00","40,000.00",8.44M,0.12%
2/3/2021,"40,300.00","40,700.00","40,750.00","40,000.00",8.58M,0.25%
1/3/2021,"40,200.00","39,700.00","40,250.00","39,300.00",12.62M,2.42%
26/02/2021,"39,250.00","38,300.00","39,350.00","38,300.00",15.27M,0.38%
25/02/2021,"39,100.00","39,500.00","39,500.00","38,500.00",16.44M,0.00%
24/02/2021,"39,100.00","40,200.00","40,200.00","38,900.00",14.40M,-1.76%
23/02/2021,"39,800.00","38,800.00","40,350.00","38,800.00",26.38M,3.11%
22/02/2021,"38,600.00","38,650.00","38,850.00","38,000.00",14.47M,-0.26%
19/02/2021,"38,700.00","38,200.00","39,100.00","38,200.00",12.80M,-0.51%
18/02/2021,"38,900.00","38,500.00","39,200.00","38,000.00",15.79M,1.30%
17/02/2021,"38,400.00","36,900.00","38,400.00","36,500.00",21.13M,6.67%
9/2/2021,"36,000.00","35,200.00","36,400.00","34,700.00",16.74M,2.86%
8/2/2021,"35,000.00","36,300.00","36,500.00","34,000.00",21.27M,-3.58%
5/2/2021,"36,300.00","35,300.00","36,300.00","35,100.00",14.36M,3.71%
4/2/2021,"35,000.00","35,000.00","35,600.00","34,600.00",14.14M,0.00%
3/2/2021,"35,000.00","34,500.00","35,500.00","34,000.00",18.24M,2.94%
2/2/2021,"34,000.00","32,200.00","34,100.00","31,950.00",13.50M,5.59%
1/2/2021,"32,200.00","32,000.00","33,500.00","31,550.00",15.15M,0.63%
29/01/2021,"32,000.00","29,600.00","33,350.00","29,600.00",27.42M,2.56%
28/01/2021,"31,200.00","31,500.00","33,000.00","31,200.00",27.12M,-6.87%
27/01/2021,"33,500.00","34,250.00","35,250.00","32,650.00",18.78M,-4.29%
26/01/2021,"35,000.00","35,500.00","35,800.00","33,500.00",18.11M,-2.23%
25/01/2021,"35,800.00","35,750.00","36,350.00","35,600.00",15.64M,-1.38%
22/01/2021,"36,300.00","36,450.00","36,900.00","35,800.00",12.35M,0.28%
21/01/2021,"36,200.00","35,250.00","36,200.00","34,500.00",14.25M,4.93%
20/01/2021,"34,500.00","34,200.00","34,750.00","32,000.00",25.77M,1.77%
19/01/2021,"33,900.00","35,900.00","36,400.00","33,700.00",22.80M,-6.35%
18/01/2021,"36,200.00","37,200.00","37,200.00","35,900.00",13.38M,-1.76%
15/01/2021,"36,850.00","36,300.00","37,550.00","36,250.00",17.36M,3.08%
14/01/2021,"35,750.00","35,350.00","35,800.00","34,850.00",12.00M,1.71%
13/01/2021,"35,150.00","35,450.00","36,000.00","35,100.00",11.40M,0.14%
12/1/2021,"35,100.00","35,000.00","35,500.00","34,500.00",16.42M,-0.43%
11/1/2021,"35,250.00","35,750.00","36,250.00","35,200.00",13.98M,-1.26%
8/1/2021,"35,700.00","35,000.00","36,250.00","34,900.00",16.95M,3.18%
7/1/2021,"34,600.00","33,750.00","34,600.00","33,400.00",16.39M,4.22%
6/1/2021,"33,200.00","33,200.00","34,100.00","32,950.00",20.22M,0.45%
5/1/2021,"33,050.00","32,750.00","33,350.00","32,550.00",14.28M,0.15%
4/1/2021,"33,000.00","32,000.00","33,400.00","31,900.00",18.61M,4.76%
31/12/2020,"31,500.00","29,950.00","31,750.00","29,900.00",16.49M,5.35%
30/12/2020,"29,900.00","29,800.00","30,550.00","29,700.00",16.58M,0.50%
29/12/2020,"29,750.00","29,650.00","29,900.00","29,500.00",12.91M,0.17%
28/12/2020,"29,700.00","29,900.00","30,300.00","29,500.00",14.47M,0.51%
25/12/2020,"29,550.00","27,950.00","29,600.00","27,700.00",17.11M,5.72%
24/12/2020,"27,950.00","28,900.00","28,900.00","26,900.00",26.11M,-2.61%
23/12/2020,"28,700.00","29,200.00","29,250.00","28,500.00",19.45M,-1.71%
22/12/2020,"29,200.00","29,150.00","29,500.00","29,050.00",17.11M,-0.68%
21/12/2020,"29,400.00","29,500.00","29,900.00","29,100.00",22.78M,0.68%
18/12/2020,"29,200.00","28,500.00","29,250.00","28,500.00",15.25M,3.00%
17/12/2020,"28,350.00","28,000.00","29,350.00","27,950.00",29.80M,1.43%
16/12/2020,"27,950.00","26,450.00","27,950.00","26,400.00",29.09M,6.88%
15/12/2020,"26,150.00","26,100.00","26,350.00","25,950.00",13.70M,-0.19%
14/12/2020,"26,200.00","25,900.00","26,300.00","25,700.00",15.69M,2.14%
11/12/2020,"25,650.00","25,300.00","25,650.00","25,050.00",14.12M,1.38%
10/12/2020,"25,300.00","26,000.00","26,000.00","25,300.00",18.13M,-1.75%
9/12/2020,"25,750.00","25,100.00","25,900.00","25,050.00",19.00M,3.00%
8/12/2020,"25,000.00","25,200.00","25,200.00","24,900.00",14.34M,-0.20%
7/12/2020,"25,050.00","24,800.00","25,200.00","24,800.00",13.04M,1.01%
4/12/2020,"24,800.00","24,850.00","25,000.00","24,750.00",16.51M,-0.80%
3/12/2020,"25,000.00","25,100.00","25,500.00","25,000.00",17.49M,-0.40%
2/12/2020,"25,100.00","24,600.00","25,300.00","24,600.00",27.46M,2.45%
1/12/2020,"24,500.00","23,800.00","24,500.00","23,650.00",22.80M,1.66%
30/11/2020,"24,100.00","23,950.00","24,400.00","23,700.00",24.65M,1.69%
27/11/2020,"23,700.00","23,600.00","23,900.00","23,550.00",12.26M,0.42%
26/11/2020,"23,600.00","23,650.00","23,700.00","23,400.00",13.09M,0.00%
25/11/2020,"23,600.00","23,950.00","23,950.00","23,550.00",13.66M,-0.21%
24/11/2020,"23,650.00","23,700.00","24,000.00","23,400.00",22.53M,0.21%
23/11/2020,"23,600.00","23,400.00","23,650.00","23,100.00",17.86M,0.85%
20/11/2020,"23,400.00","23,500.00","23,500.00","23,300.00",13.55M,0.00%
19/11/2020,"23,400.00","23,350.00","23,600.00","23,200.00",16.94M,0.21%
18/11/2020,"23,350.00","23,300.00","23,600.00","23,100.00",22.76M,0.00%
17/11/2020,"23,350.00","23,000.00","23,350.00","22,850.00",17.46M,1.97%
16/11/2020,"22,900.00","23,400.00","23,400.00","22,800.00",25.24M,-0.43%
13/11/2020,"23,000.00","22,400.00","23,150.00","22,400.00",22.38M,3.14%
12/11/2020,"22,300.00","22,100.00","22,300.00","22,000.00",10.77M,1.36%
11/11/2020,"22,000.00","22,200.00","22,400.00","22,000.00",14.43M,-0.45%
10/11/2020,"22,100.00","22,500.00","22,550.00","22,050.00",21.22M,0.23%
9/11/2020,"22,050.00","21,850.00","22,200.00","21,800.00",17.62M,2.08%
6/11/2020,"21,600.00","21,900.00","22,000.00","21,500.00",15.37M,-0.92%
5/11/2020,"21,800.00","22,150.00","22,350.00","21,800.00",19.77M,-1.58%
4/11/2020,"22,150.00","22,350.00","22,600.00","22,150.00",21.93M,0.68%
3/11/2020,"22,000.00","21,800.00","22,450.00","21,650.00",27.96M,2.80%
2/11/2020,"21,400.00","21,600.00","21,850.00","21,400.00",22.94M,0.23%
30/10/2020,"21,350.00","22,100.00","22,250.00","21,350.00",28.89M,-2.06%
29/10/2020,"21,800.00","22,100.00","22,700.00","21,800.00",36.15M,-2.68%
28/10/2020,"22,400.00","23,300.00","23,450.00","22,400.00",32.09M,-3.86%
27/10/2020,"23,300.00","23,800.00","23,950.00","23,300.00",30.81M,-0.21%
26/10/2020,"23,350.00","24,400.00","24,950.00","23,350.00",24.71M,-2.71%
23/10/2020,"24,000.00","24,100.00","24,200.00","23,850.00",28.29M,0.21%
22/10/2020,"23,950.00","23,700.00","24,000.00","23,500.00",24.41M,0.84%
21/10/2020,"23,750.00","24,200.00","24,400.00","23,700.00",20.95M,-0.63%
20/10/2020,"23,900.00","23,000.00","24,150.00","23,000.00",34.66M,3.91%
19/10/2020,"23,000.00","22,950.00","23,350.00","22,850.00",28.51M,1.55%
16/10/2020,"22,650.00","22,900.00","23,300.00","22,600.00",27.08M,-0.88%
15/10/2020,"22,850.00","23,450.00","23,800.00","22,800.00",25.32M,0.00%
14/10/2020,"22,850.00","21,600.00","22,850.00","21,600.00",48.63M,6.78%
13/10/2020,"21,400.00","21,250.00","21,650.00","21,200.00",14.22M,0.94%
12/10/2020,"21,200.00","21,700.00","21,850.00","21,200.00",14.20M,-0.70%
9/10/2020,"21,350.00","21,500.00","21,950.00","21,300.00",13.52M,0.00%
8/10/2020,"21,350.00","21,900.00","22,000.00","21,350.00",14.37M,-2.06%
7/10/2020,"21,800.00","22,300.00","22,350.00","21,800.00",12.16M,-2.68%
6/10/2020,"22,400.00","22,700.00","22,750.00","22,200.00",6.85M,-0.67%
5/10/2020,"22,550.00","22,550.00","22,750.00","22,250.00",5.36M,0.00%
2/10/2020,"22,550.00","22,900.00","23,000.00","22,350.00",4.38M,-1.10%
1/10/2020,"22,800.00","22,650.00","22,900.00","22,600.00",3.50M,0.88%
30/09/2020,"22,600.00","22,550.00","22,600.00","22,300.00",2.36M,0.22%
29/09/2020,"22,550.00","22,900.00","23,000.00","22,550.00",2.97M,-1.31%
28/09/2020,"22,850.00","22,350.00","23,000.00","22,250.00",2.81M,2.01%
25/09/2020,"22,400.00","22,450.00","22,500.00","22,250.00",3.50M,-0.22%
24/09/2020,"22,450.00","22,250.00","22,450.00","22,100.00",3.99M,0.67%
23/09/2020,"22,300.00","22,350.00","22,500.00","22,250.00",2.94M,-0.22%
22/09/2020,"22,350.00","22,200.00","22,450.00","22,050.00",3.67M,0.22%
21/09/2020,"22,300.00","22,000.00","22,300.00","22,000.00",5.87M,2.29%
18/09/2020,"21,800.00","21,400.00","21,800.00","21,350.00",5.33M,2.35%
17/09/2020,"21,300.00","21,400.00","21,600.00","21,250.00",3.65M,-0.47%
16/09/2020,"21,400.00","21,350.00","21,450.00","21,250.00",1.26M,0.23%
15/09/2020,"21,350.00","21,500.00","21,550.00","21,350.00",1.84M,-0.70%
14/09/2020,"21,500.00","21,300.00","21,550.00","21,300.00",1.58M,0.94%
11/9/2020,"21,300.00","21,250.00","21,450.00","21,100.00",1.24M,-0.70%
10/9/2020,"21,450.00","21,300.00","21,600.00","21,300.00",1.52M,1.18%
9/9/2020,"21,200.00","21,100.00","21,500.00","20,950.00",2.76M,-1.40%
8/9/2020,"21,500.00","21,350.00","21,500.00","21,050.00",1.94M,1.42%
7/9/2020,"21,200.00","21,850.00","21,950.00","21,200.00",2.35M,-2.97%
4/9/2020,"21,850.00","21,700.00","21,900.00","21,700.00",2.28M,-0.68%
3/9/2020,"22,000.00","21,750.00","22,100.00","21,700.00",3.33M,1.38%
1/9/2020,"21,700.00","21,300.00","21,700.00","21,100.00",2.17M,1.88%
31/08/2020,"21,300.00","21,600.00","21,800.00","21,250.00",1.79M,-1.39%
28/08/2020,"21,600.00","21,300.00","21,850.00","21,250.00",5.15M,2.13%
27/08/2020,"21,150.00","21,100.00","21,200.00","21,000.00",1.79M,0.24%
26/08/2020,"21,100.00","21,200.00","21,300.00","21,000.00",2.12M,-0.94%
25/08/2020,"21,300.00","21,000.00","21,400.00","21,000.00",3.78M,1.67%
24/08/2020,"20,950.00","20,750.00","21,000.00","20,500.00",2.75M,2.95%
21/08/2020,"20,350.00","20,100.00","20,400.00","20,100.00",2.82M,1.75%
20/08/2020,"20,000.00","20,200.00","20,250.00","19,850.00",3.66M,-0.99%
19/08/2020,"20,200.00","20,100.00","20,250.00","20,000.00",1.13M,0.75%
18/08/2020,"20,050.00","20,100.00","20,200.00","20,000.00",1.41M,-0.25%
17/08/2020,"20,100.00","19,750.00","20,150.00","19,750.00",2.73M,1.52%
14/08/2020,"19,800.00","19,800.00","20,200.00","19,650.00",2.59M,0.00%
13/08/2020,"19,800.00","19,750.00","19,850.00","19,600.00",1.58M,0.76%
12/8/2020,"19,650.00","19,450.00","19,700.00","19,450.00",1.63M,1.03%
11/8/2020,"19,450.00","19,550.00","19,550.00","19,300.00",1.33M,0.26%
10/8/2020,"19,400.00","19,300.00","19,700.00","19,300.00",2.74M,1.31%
7/8/2020,"19,150.00","19,300.00","19,350.00","19,050.00",951.19K,-0.26%
6/8/2020,"19,200.00","19,400.00","19,500.00","19,100.00",1.86M,-1.29%
5/8/2020,"19,450.00","18,900.00","19,450.00","18,700.00",1.92M,3.18%
4/8/2020,"18,850.00","18,900.00","19,100.00","18,750.00",1.21M,1.34%
3/8/2020,"18,600.00","18,250.00","18,600.00","18,150.00",1.25M,2.48%
31/07/2020,"18,150.00","18,200.00","18,650.00","18,150.00",2.30M,-2.42%
30/07/2020,"18,600.00","18,200.00","19,000.00","17,500.00",974.91K,2.48%
29/07/2020,"18,150.00","18,300.00","18,400.00","17,500.00",1.84M,-3.20%
28/07/2020,"18,750.00","18,200.00","18,800.00","18,000.00",2.88M,3.31%
27/07/2020,"18,150.00","19,100.00","19,200.00","18,150.00",2.68M,-6.92%
24/07/2020,"19,500.00","20,300.00","20,300.00","19,000.00",2.95M,-3.94%
23/07/2020,"20,300.00","20,200.00","20,300.00","20,100.00",861.14K,0.25%
22/07/2020,"20,250.00","20,600.00","20,600.00","20,250.00",1.22M,-1.22%
21/07/2020,"20,500.00","20,500.00","20,550.00","20,300.00",818.21K,0.00%
20/07/2020,"20,500.00","20,500.00","20,650.00","20,450.00",1.16M,-0.49%
17/07/2020,"20,600.00","20,700.00","20,800.00","20,550.00",1.18M,-1.90%
16/07/2020,"21,000.00","20,600.00","21,000.00","20,400.00",1.66M,1.94%
15/07/2020,"20,600.00","20,300.00","20,750.00","20,300.00",1.70M,2.49%
14/07/2020,"20,100.00","20,200.00","20,300.00","20,000.00",1.81M,-0.99%
13/07/2020,"20,300.00","20,800.00","20,800.00","20,000.00",1.73M,-0.73%
10/7/2020,"20,450.00","20,850.00","20,950.00","20,450.00",1.40M,-2.39%
9/7/2020,"20,950.00","20,250.00","20,950.00","20,100.00",3.15M,4.23%
8/7/2020,"20,100.00","20,200.00","20,250.00","20,100.00",676.84K,-0.74%
7/7/2020,"20,250.00","20,300.00","20,400.00","20,200.00",895.15K,0.00%
6/7/2020,"20,250.00","19,800.00","20,250.00","19,800.00",1.22M,2.27%
3/7/2020,"19,800.00","19,750.00","19,800.00","19,550.00",593.39K,0.25%
2/7/2020,"19,750.00","19,950.00","19,950.00","19,500.00",820.25K,-0.25%
1/7/2020,"19,800.00","19,500.00","19,900.00","19,450.00",751.46K,1.28%
30/06/2020,"19,550.00","19,750.00","19,900.00","19,100.00",1.29M,-0.51%
29/06/2020,"19,650.00","20,000.00","20,100.00","19,600.00",1.75M,-3.44%
26/06/2020,"20,350.00","20,500.00","20,500.00","20,150.00",668.03K,0.74%
25/06/2020,"20,200.00","20,200.00","20,400.00","20,100.00",1.16M,-1.46%
24/06/2020,"20,500.00","20,700.00","20,750.00","20,400.00",860.73K,-0.73%
23/06/2020,"20,650.00","20,750.00","20,800.00","20,600.00",1.17M,-0.48%
22/06/2020,"20,750.00","20,950.00","20,950.00","20,500.00",1.17M,1.22%
19/06/2020,"20,500.00","20,200.00","20,500.00","20,200.00",632.65K,1.49%
18/06/2020,"20,200.00","20,300.00","20,450.00","20,200.00",625.89K,-0.49%
17/06/2020,"20,300.00","20,600.00","20,600.00","20,250.00",1.42M,-1.46%
16/06/2020,"20,600.00","20,500.00","20,600.00","20,300.00",1.49M,2.49%
15/06/2020,"20,100.00","21,100.00","21,100.00","20,050.00",2.30M,-4.96%
12/6/2020,"21,150.00","20,600.00","21,250.00","20,500.00",3.72M,1.20%
11/6/2020,"20,900.00","21,900.00","21,900.00","20,900.00",3.48M,-4.35%
10/6/2020,"21,850.00","21,350.00","21,950.00","21,250.00",2.30M,1.39%
9/6/2020,"21,550.00","21,700.00","21,800.00","21,500.00",1.70M,-0.69%
8/6/2020,"21,700.00","21,550.00","21,900.00","21,550.00",3.48M,1.17%
5/6/2020,"21,450.00","21,250.00","21,450.00","21,100.00",2.25M,1.18%
4/6/2020,"21,200.00","21,400.00","21,450.00","21,200.00",2.22M,-0.70%
3/6/2020,"21,350.00","21,150.00","21,450.00","21,150.00",2.06M,0.95%
2/6/2020,"21,150.00","21,500.00","21,500.00","21,100.00",2.47M,-0.70%
1/6/2020,"21,300.00","20,800.00","21,300.00","20,800.00",2.34M,2.90%
29/05/2020,"20,700.00","20,850.00","20,950.00","20,700.00",1.10M,-0.96%
28/05/2020,"20,900.00","20,900.00","21,200.00","20,800.00",1.58M,0.00%
27/05/2020,"20,900.00","21,200.00","21,400.00","20,900.00",2.67M,-1.18%
26/05/2020,"21,150.00","21,100.00","21,300.00","21,000.00",2.22M,0.48%
25/05/2020,"21,050.00","21,100.00","21,300.00","20,950.00",1.96M,0.00%
22/05/2020,"21,050.00","21,600.00","21,600.00","21,050.00",3.32M,-4.32%
21/05/2020,"22,000.00","21,050.00","22,000.00","20,850.00",3.54M,4.51%
20/05/2020,"21,050.00","21,000.00","21,200.00","20,950.00",1.91M,-1.17%
19/05/2020,"21,300.00","21,350.00","21,400.00","20,950.00",4.14M,3.15%
18/05/2020,"20,650.00","20,050.00","20,750.00","19,900.00",3.02M,1.98%
15/05/2020,"20,250.00","20,600.00","20,600.00","20,000.00",3.00M,-1.22%
14/05/2020,"20,500.00","20,400.00","20,600.00","20,100.00",3.35M,-0.49%
13/05/2020,"20,600.00","20,300.00","20,700.00","19,800.00",4.75M,0.00%
12/5/2020,"20,600.00","20,100.00","20,750.00","19,600.00",3.56M,1.98%
11/5/2020,"20,200.00","19,500.00","20,200.00","19,350.00",4.77M,6.88%
8/5/2020,"18,900.00","17,700.00","18,900.00","17,700.00",7.26M,6.78%
7/5/2020,"17,700.00","17,550.00","17,700.00","17,450.00",2.41M,0.85%
6/5/2020,"17,550.00","17,550.00","17,550.00","17,250.00",1.18M,0.86%
5/5/2020,"17,400.00","17,500.00","17,600.00","17,350.00",546.01K,0.00%
4/5/2020,"17,400.00","17,200.00","17,700.00","17,150.00",2.02M,1.16%
29/04/2020,"17,200.00","17,100.00","17,550.00","17,000.00",2.86M,0.58%
28/04/2020,"17,100.00","17,150.00","17,150.00","16,850.00",921.18K,0.29%
27/04/2020,"17,050.00","17,100.00","17,250.00","17,000.00",962.88K,-0.29%
24/04/2020,"17,100.00","17,100.00","17,150.00","16,900.00",851.77K,0.88%
23/04/2020,"16,950.00","17,200.00","17,300.00","16,950.00",1.40M,0.30%
22/04/2020,"16,900.00","16,250.00","17,200.00","16,250.00",1.74M,0.30%
21/04/2020,"16,850.00","17,300.00","17,400.00","16,700.00",3.05M,-4.80%
20/04/2020,"17,700.00","17,900.00","17,950.00","17,500.00",1.85M,-0.28%
17/04/2020,"17,750.00","17,800.00","17,850.00","17,500.00",2.25M,1.14%
16/04/2020,"17,550.00","17,500.00","17,550.00","17,200.00",1.86M,0.00%
15/04/2020,"17,550.00","17,300.00","17,550.00","17,200.00",2.54M,2.33%
14/04/2020,"17,150.00","17,350.00","17,350.00","16,900.00",1.45M,-0.29%
13/04/2020,"17,200.00","16,750.00","17,600.00","16,750.00",2.56M,2.69%
10/4/2020,"16,750.00","16,700.00","16,950.00","16,650.00",1.50M,-0.89%
9/4/2020,"16,900.00","17,100.00","17,150.00","16,850.00",2.20M,1.20%
8/4/2020,"16,700.00","16,800.00","16,800.00","16,300.00",1.41M,-1.47%
7/4/2020,"16,950.00","17,000.00","17,200.00","16,800.00",2.42M,0.00%
6/4/2020,"16,950.00","16,200.00","16,950.00","16,100.00",2.97M,6.94%
3/4/2020,"15,850.00","15,500.00","15,950.00","15,500.00",1.43M,2.26%
1/4/2020,"15,500.00","15,000.00","15,600.00","14,350.00",1.32M,3.33%
31/03/2020,"15,000.00","15,000.00","15,500.00","14,000.00",1.58M,0.67%
30/03/2020,"14,900.00","15,100.00","15,500.00","14,900.00",3.36M,-6.88%
27/03/2020,"16,000.00","16,150.00","16,200.00","15,600.00",2.75M,-0.62%
26/03/2020,"16,100.00","16,600.00","16,600.00","16,100.00",1.49M,-3.01%
25/03/2020,"16,600.00","16,500.00","16,700.00","16,300.00",2.95M,3.11%
24/03/2020,"16,100.00","16,500.00","16,500.00","16,000.00",3.21M,-0.31%
23/03/2020,"16,150.00","16,200.00","17,000.00","16,150.00",3.27M,-6.92%
20/03/2020,"17,350.00","17,450.00","17,500.00","17,150.00",1.88M,0.58%
19/03/2020,"17,250.00","17,600.00","17,800.00","17,150.00",2.21M,-3.90%
