Day,Close,Open,High,Low,Volume
21/07/2025,35450.00,36300.00,36500.00,35350.00,23120000
18/07/2025,36250.00,35150.00,36500.00,35050.00,36570000
17/07/2025,35150.00,35400.00,35600.00,35100.00,16140000
16/07/2025,35250.00,34800.00,35450.00,34600.00,15010000
15/07/2025,34800.00,35150.00,35750.00,34800.00,18010000
14/07/2025,35100.00,34950.00,35100.00,34300.00,18130000
11/7/2025,34950.00,34800.00,35500.00,34800.00,18590000
10/7/2025,34800.00,34900.00,35000.00,34650.00,14460000
9/7/2025,34900.00,35450.00,35600.00,34700.00,31890000
8/7/2025,35300.00,35300.00,35550.00,35100.00,12970000
7/7/2025,35300.00,35200.00,35450.00,35100.00,12240000
4/7/2025,34950.00,34850.00,35000.00,34650.00,12160000
3/7/2025,34850.00,35150.00,35300.00,34800.00,22270000
2/7/2025,35000.00,34500.00,35100.00,34450.00,16950000
1/7/2025,34400.00,34200.00,34550.00,34050.00,12550000
30/06/2025,34200.00,34100.00,34700.00,34000.00,13910000
27/06/2025,33950.00,34100.00,34250.00,33850.00,9840000
26/06/2025,34050.00,34000.00,34450.00,33800.00,12610000
25/06/2025,33800.00,34150.00,34250.00,33800.00,13120000
24/06/2025,34000.00,34050.00,34750.00,33700.00,25170000
23/06/2025,33800.00,33600.00,34000.00,33400.00,18900000
20/06/2025,34000.00,34200.00,34850.00,33900.00,17110000
19/06/2025,34000.00,32800.00,34000.00,32800.00,23280000
18/06/2025,32800.00,32400.00,33350.00,32200.00,17760000
17/06/2025,32400.00,32550.00,32600.00,32050.00,17960000
16/06/2025,32300.00,31000.00,32350.00,30950.00,23150000
13/06/2025,31200.00,30700.00,31500.00,30500.00,27420000
12/6/2025,30950.00,30350.00,31150.00,30250.00,24550000
11/6/2025,30100.00,30350.00,30350.00,29950.00,6090000
10/6/2025,30050.00,29950.00,30500.00,29850.00,15100000
9/6/2025,29750.00,30300.00,30450.00,29750.00,20750000
6/6/2025,30300.00,31000.00,31000.00,30300.00,28350000
5/6/2025,31100.00,31350.00,31600.00,31050.00,15790000
4/6/2025,31350.00,31700.00,31700.00,31200.00,15680000
3/6/2025,31600.00,30900.00,31900.00,30900.00,23860000
2/6/2025,30850.00,30400.00,30950.00,30200.00,13960000
30/05/2025,30450.00,30800.00,30800.00,30450.00,9980000
29/05/2025,30800.00,30500.00,30800.00,30300.00,14710000
28/05/2025,30500.00,30700.00,30800.00,30250.00,18570000
27/05/2025,30600.00,30600.00,31250.00,30350.00,23570000
26/05/2025,30350.00,30150.00,30350.00,29500.00,20230000
23/05/2025,30150.00,30550.00,30600.00,29800.00,17850000
22/05/2025,30500.00,30650.00,31200.00,30300.00,28000000
21/05/2025,30900.00,31000.00,31400.00,30700.00,19490000
20/05/2025,30950.00,29500.00,31100.00,29500.00,38190000
19/05/2025,29500.00,29200.00,29950.00,29100.00,20460000
16/05/2025,29450.00,29900.00,29900.00,29250.00,20030000
15/05/2025,29900.00,29900.00,30200.00,29550.00,17780000
14/05/2025,29850.00,29350.00,30500.00,29300.00,19730000
13/05/2025,29400.00,29500.00,29700.00,29150.00,13210000
12/5/2025,29400.00,27650.00,29450.00,27600.00,46700000
9/5/2025,27600.00,27300.00,28000.00,27250.00,18300000
8/5/2025,27400.00,27000.00,27450.00,26850.00,18380000
7/5/2025,27000.00,26850.00,27100.00,26600.00,13690000
6/5/2025,26850.00,26500.00,27200.00,26400.00,24410000
5/5/2025,26500.00,26650.00,26650.00,26150.00,9050000
29/04/2025,26300.00,26000.00,26600.00,26000.00,18130000
28/04/2025,26000.00,26000.00,26100.00,25800.00,11160000
25/04/2025,25950.00,25950.00,26050.00,25400.00,19490000
24/04/2025,25750.00,26000.00,26100.00,25700.00,8920000
23/04/2025,26100.00,25750.00,26300.00,25150.00,18230000
22/04/2025,25150.00,25250.00,25650.00,23950.00,29520000
21/04/2025,25750.00,26000.00,26300.00,25600.00,12190000
18/04/2025,26000.00,26500.00,26500.00,26000.00,16890000
17/04/2025,26000.00,25600.00,26000.00,25550.00,14260000
16/04/2025,25800.00,26150.00,26450.00,25750.00,18150000
15/04/2025,26000.00,26050.00,26350.00,25800.00,21180000
14/04/2025,26550.00,26600.00,26700.00,26100.00,19910000
11/4/2025,26600.00,26500.00,26600.00,25600.00,47940000
10/4/2025,25250.00,25250.00,25250.00,25250.00,1240000
9/4/2025,23600.00,22300.00,24900.00,22300.00,40790000
8/4/2025,23950.00,25000.00,25000.00,23950.00,33470000
4/4/2025,25700.00,24150.00,25750.00,24150.00,56800000
3/4/2025,25950.00,26950.00,27200.00,25950.00,58890000
2/4/2025,27900.00,28000.00,28150.00,27850.00,6670000
1/4/2025,27950.00,27500.00,28000.00,27400.00,9050000
31/03/2025,27500.00,27400.00,27500.00,27200.00,12980000
28/03/2025,27550.00,27750.00,27800.00,27450.00,12350000
27/03/2025,27750.00,28000.00,28150.00,27750.00,7520000
26/03/2025,28000.00,27900.00,28500.00,27800.00,24090000
25/03/2025,27900.00,28100.00,28200.00,27850.00,8130000
24/03/2025,28000.00,27350.00,28200.00,27200.00,21080000
21/03/2025,27350.00,27350.00,27550.00,27300.00,7450000
20/03/2025,27450.00,27500.00,27550.00,27100.00,14430000
19/03/2025,27250.00,27300.00,27350.00,27150.00,12080000
18/03/2025,27400.00,27500.00,27600.00,27300.00,7950000
17/03/2025,27450.00,27350.00,27450.00,27150.00,11000000
14/03/2025,27300.00,27100.00,27400.00,27100.00,10660000
13/03/2025,27300.00,27800.00,27800.00,27250.00,18990000
12/3/2025,27850.00,28100.00,28250.00,27800.00,10860000
11/3/2025,28000.00,27500.00,28000.00,27450.00,15310000
10/3/2025,27800.00,27750.00,28300.00,27700.00,13910000
7/3/2025,27750.00,27700.00,27900.00,27450.00,14920000
6/3/2025,27700.00,27450.00,27700.00,27350.00,12570000
5/3/2025,27300.00,27500.00,27600.00,27300.00,13270000
4/3/2025,27500.00,26100.00,27550.00,26000.00,40200000
3/3/2025,26100.00,26150.00,26300.00,26050.00,9360000
28/02/2025,26100.00,26250.00,26300.00,26050.00,12220000
27/02/2025,26250.00,26400.00,26400.00,26000.00,12510000
26/02/2025,26300.00,26400.00,26550.00,26300.00,9950000
25/02/2025,26400.00,26600.00,26800.00,26350.00,14500000
24/02/2025,26500.00,26400.00,26650.00,26300.00,11760000
21/02/2025,26500.00,26600.00,26600.00,26400.00,8800000
20/02/2025,26550.00,26200.00,26600.00,26050.00,21180000
19/02/2025,26100.00,25950.00,26150.00,25800.00,12940000
18/02/2025,25850.00,25700.00,26100.00,25650.00,10760000
17/02/2025,25700.00,26000.00,26100.00,25700.00,10970000
14/02/2025,26000.00,26100.00,26200.00,25900.00,10240000
13/02/2025,25950.00,25600.00,26000.00,25550.00,11950000
12/2/2025,25700.00,26000.00,26000.00,25700.00,11520000
11/2/2025,25900.00,26100.00,26150.00,25750.00,15670000
10/2/2025,25750.00,25750.00,26250.00,25450.00,22150000
7/2/2025,25750.00,25450.00,25800.00,25200.00,26590000
6/2/2025,25200.00,24900.00,25500.00,24800.00,37580000
5/2/2025,24700.00,24850.00,24900.00,24550.00,9430000
4/2/2025,24650.00,24350.00,24700.00,24300.00,12470000
3/2/2025,24250.00,24500.00,24700.00,24250.00,10890000
24/01/2025,24750.00,24800.00,24850.00,24650.00,10330000
23/01/2025,24600.00,24350.00,24850.00,24250.00,21070000
22/01/2025,24200.00,24450.00,24450.00,24150.00,7460000
21/01/2025,24200.00,24400.00,24500.00,24150.00,8130000
20/01/2025,24400.00,24400.00,24500.00,24250.00,5180000
17/01/2025,24400.00,23850.00,24400.00,23750.00,10020000
16/01/2025,23850.00,23850.00,23950.00,23600.00,8070000
15/01/2025,23700.00,23800.00,23900.00,23650.00,6720000
14/01/2025,23600.00,23550.00,23750.00,23500.00,4180000
13/01/2025,23800.00,23200.00,23800.00,23150.00,7940000
10/1/2025,23400.00,24000.00,24000.00,23400.00,6230000
9/1/2025,23950.00,24050.00,24050.00,23750.00,4710000
8/1/2025,23950.00,23800.00,24300.00,23650.00,11950000
7/1/2025,23650.00,23900.00,23900.00,23550.00,7620000
6/1/2025,23600.00,23600.00,23850.00,23500.00,8130000
3/1/2025,23600.00,24350.00,24350.00,23600.00,17430000
2/1/2025,24350.00,24650.00,24700.00,24300.00,7830000
31/12/2024,24650.00,24350.00,24650.00,24350.00,9400000
30/12/2024,24400.00,24750.00,24750.00,24350.00,10150000
27/12/2024,24600.00,24500.00,24900.00,24450.00,15400000
26/12/2024,24350.00,24500.00,24550.00,24300.00,5480000
25/12/2024,24450.00,24000.00,24900.00,23950.00,18370000
24/12/2024,24000.00,24050.00,24050.00,23800.00,5180000
23/12/2024,23900.00,24000.00,24050.00,23800.00,3210000
20/12/2024,23800.00,23850.00,23950.00,23800.00,4590000
19/12/2024,23750.00,24000.00,24050.00,23750.00,15030000
18/12/2024,24200.00,24250.00,24300.00,24100.00,5790000
17/12/2024,24200.00,24400.00,24400.00,24150.00,5390000
16/12/2024,24300.00,24300.00,24400.00,24100.00,6360000
13/12/2024,24350.00,24300.00,24550.00,24100.00,11020000
12/12/2024,24250.00,24200.00,24500.00,24150.00,18540000
11/12/2024,24150.00,24050.00,24300.00,24000.00,10340000
10/12/2024,24050.00,24050.00,24200.00,24000.00,7040000
9/12/2024,24150.00,24100.00,24300.00,23950.00,7600000
6/12/2024,24150.00,24200.00,24250.00,23950.00,10920000
5/12/2024,24200.00,23450.00,24200.00,23350.00,14190000
4/12/2024,23450.00,23450.00,23600.00,23400.00,8180000
3/12/2024,23650.00,23650.00,23750.00,23450.00,8330000
2/12/2024,23650.00,23700.00,23700.00,23400.00,6570000
29/11/2024,23600.00,23500.00,23600.00,23350.00,8450000
28/11/2024,23600.00,23650.00,23700.00,23400.00,8140000
27/11/2024,23500.00,23500.00,23600.00,23350.00,6390000
26/11/2024,23550.00,23500.00,23700.00,23450.00,6760000
25/11/2024,23500.00,23500.00,23600.00,23400.00,7190000
22/11/2024,23500.00,23200.00,23550.00,23150.00,14410000
21/11/2024,23200.00,22800.00,23200.00,22600.00,11210000
20/11/2024,22850.00,22300.00,22850.00,22250.00,10250000
19/11/2024,22400.00,22550.00,22550.00,22200.00,6940000
18/11/2024,22450.00,22400.00,22700.00,22200.00,12110000
15/11/2024,22450.00,22800.00,22800.00,22400.00,14450000
14/11/2024,22800.00,23000.00,23050.00,22750.00,7430000
13/11/2024,23150.00,23000.00,23150.00,22700.00,13320000
12/11/2024,23050.00,23400.00,23400.00,22900.00,12490000
11/11/2024,23200.00,23700.00,23700.00,23050.00,15360000
8/11/2024,23600.00,24000.00,24000.00,23450.00,13100000
7/11/2024,23850.00,24150.00,24150.00,23850.00,8600000
6/11/2024,23900.00,23600.00,24050.00,23600.00,15680000
5/11/2024,23450.00,23500.00,23650.00,23450.00,9920000
4/11/2024,23450.00,23750.00,23750.00,23400.00,13930000
1/11/2024,23700.00,23850.00,24000.00,23700.00,14550000
31/10/2024,23900.00,24000.00,24100.00,23850.00,8620000
30/10/2024,24000.00,23800.00,24000.00,23750.00,11090000
29/10/2024,23750.00,23700.00,23850.00,23700.00,6290000
28/10/2024,23650.00,23500.00,23700.00,23450.00,7020000
25/10/2024,23500.00,23750.00,23850.00,23400.00,14330000
24/10/2024,23650.00,24150.00,24200.00,23550.00,14260000
23/10/2024,24200.00,24200.00,24300.00,23750.00,16760000
22/10/2024,24200.00,24200.00,24400.00,24000.00,16880000
21/10/2024,24150.00,24450.00,24500.00,24100.00,9750000
18/10/2024,24450.00,24450.00,24800.00,24400.00,15420000
17/10/2024,24350.00,24200.00,24400.00,24100.00,9420000
16/10/2024,24200.00,24200.00,24300.00,24100.00,9020000
15/10/2024,24250.00,24350.00,24600.00,24150.00,14130000
14/10/2024,24350.00,24550.00,24600.00,24350.00,11950000
11/10/2024,24450.00,24550.00,24600.00,24250.00,13920000
10/10/2024,24550.00,24900.00,25000.00,24550.00,18250000
9/10/2024,24650.00,24400.00,24750.00,24300.00,21680000
8/10/2024,24400.00,24200.00,24600.00,24200.00,16250000
7/10/2024,24150.00,24250.00,24350.00,24000.00,12840000
4/10/2024,24050.00,24350.00,24450.00,24050.00,21420000
3/10/2024,24350.00,24950.00,25200.00,24350.00,29750000
2/10/2024,24900.00,24550.00,25150.00,24350.00,28210000
1/10/2024,24650.00,24200.00,24800.00,24150.00,40740000
30/09/2024,24200.00,24150.00,24350.00,23950.00,21490000
27/09/2024,24200.00,24200.00,24350.00,24050.00,16810000
26/09/2024,24100.00,23800.00,24400.00,23650.00,26220000
25/09/2024,23800.00,23750.00,23950.00,23600.00,23430000
24/09/2024,23550.00,23300.00,23600.00,23300.00,11040000
23/09/2024,23350.00,23550.00,23750.00,23350.00,8230000
20/09/2024,23550.00,23300.00,23700.00,23300.00,30620000
19/09/2024,23200.00,23200.00,23200.00,22900.00,13430000
18/09/2024,23000.00,22750.00,23100.00,22700.00,15060000
17/09/2024,22750.00,22150.00,22750.00,22150.00,7240000
16/09/2024,22200.00,22200.00,22700.00,22200.00,11590000
13/09/2024,22200.00,22300.00,22350.00,22150.00,10100000
12/9/2024,22300.00,22300.00,22400.00,22150.00,9120000
11/9/2024,22100.00,22150.00,22250.00,21950.00,11250000
10/9/2024,22250.00,22700.00,22750.00,22200.00,14110000
9/9/2024,22650.00,22700.00,22850.00,22600.00,12270000
6/9/2024,22800.00,22800.00,22950.00,22650.00,12160000
5/9/2024,22800.00,22900.00,23050.00,22700.00,11380000
4/9/2024,23000.00,23050.00,23250.00,22850.00,13720000
30/08/2024,23350.00,23000.00,23350.00,23000.00,13280000
29/08/2024,23000.00,23000.00,23250.00,23000.00,16100000
28/08/2024,23000.00,22700.00,23150.00,22600.00,19150000
27/08/2024,22650.00,22500.00,22700.00,22450.00,15070000
26/08/2024,22500.00,22500.00,22650.00,22400.00,16940000
23/08/2024,22400.00,22350.00,22500.00,22200.00,11970000
22/08/2024,22350.00,22000.00,22650.00,22000.00,20780000
21/08/2024,22000.00,21700.00,22100.00,21550.00,20040000
20/08/2024,21850.00,21950.00,22050.00,21800.00,12410000
19/08/2024,21900.00,21550.00,21950.00,21400.00,15710000
16/08/2024,21450.00,21150.00,21550.00,21050.00,21420000
15/08/2024,21150.00,21200.00,21200.00,20950.00,9560000
14/08/2024,21200.00,21050.00,21300.00,20900.00,11840000
13/08/2024,21000.00,21200.00,21200.00,20900.00,11490000
12/8/2024,21250.00,21200.00,21250.00,21000.00,10350000
9/8/2024,21100.00,21000.00,21300.00,21000.00,14970000
8/8/2024,20850.00,21600.00,21650.00,20750.00,41050000
7/8/2024,21800.00,22400.00,22400.00,21750.00,19620000
6/8/2024,22300.00,22400.00,22600.00,22050.00,17670000
5/8/2024,22300.00,23000.00,23000.00,22300.00,16810000
2/8/2024,23500.00,22550.00,23500.00,22550.00,13700000
1/8/2024,23000.00,23200.00,23250.00,22550.00,11640000
31/07/2024,23250.00,23000.00,23350.00,22950.00,11000000
30/07/2024,22950.00,22700.00,22950.00,22600.00,6720000
29/07/2024,22750.00,22850.00,22950.00,22750.00,5200000
26/07/2024,22750.00,22700.00,22850.00,22600.00,6320000
25/07/2024,22750.00,22850.00,22900.00,22550.00,8300000
24/07/2024,23000.00,22850.00,23200.00,22850.00,10820000
23/07/2024,23050.00,23800.00,23800.00,23000.00,12470000
22/07/2024,23650.00,23300.00,23800.00,23000.00,14480000
19/07/2024,23400.00,23750.00,23750.00,23100.00,14090000
18/07/2024,23700.00,23700.00,23850.00,23300.00,11220000
17/07/2024,23700.00,22850.00,24200.00,22800.00,27350000
16/07/2024,22700.00,22650.00,22850.00,22550.00,11030000
15/07/2024,22650.00,22850.00,22900.00,22600.00,6040000
12/7/2024,22800.00,22850.00,23000.00,22800.00,5520000
11/7/2024,22800.00,23150.00,23350.00,22800.00,15420000
10/7/2024,23150.00,23400.00,23450.00,23100.00,10290000
9/7/2024,23350.00,23300.00,23500.00,23250.00,11390000
8/7/2024,23450.00,23500.00,23500.00,23100.00,6700000
5/7/2024,23500.00,23350.00,23500.00,23200.00,8380000
4/7/2024,23500.00,23500.00,23550.00,23300.00,5680000
3/7/2024,23500.00,22950.00,23550.00,22900.00,10180000
2/7/2024,22900.00,22850.00,23200.00,22650.00,9250000
1/7/2024,22650.00,23100.00,23100.00,22650.00,9010000
28/06/2024,23350.00,23450.00,23500.00,22500.00,21090000
27/06/2024,23450.00,23650.00,23700.00,23350.00,12340000
26/06/2024,24000.00,23950.00,24000.00,23550.00,7390000
25/06/2024,24000.00,23950.00,24000.00,23400.00,12070000
24/06/2024,23950.00,24500.00,24500.00,23600.00,14020000
21/06/2024,24500.00,24950.00,24950.00,24200.00,11690000
20/06/2024,24800.00,24550.00,25150.00,24500.00,34580000
19/06/2024,24150.00,24500.00,24500.00,24075.00,34050000
18/06/2024,24400.00,24300.00,24550.00,24100.00,20490000
17/06/2024,24300.00,24525.00,24525.00,24250.00,19370000
14/06/2024,24550.00,24750.00,24775.00,24550.00,19670000
13/06/2024,24700.00,24750.00,24800.00,24650.00,16850000
12/6/2024,24700.00,24675.00,24750.00,24500.00,18320000
11/6/2024,24675.00,24750.00,24925.00,24575.00,33170000
10/6/2024,24450.00,24750.00,24750.00,24175.00,17270000
7/6/2024,24550.00,24500.00,24850.00,24350.00,30930000
6/6/2024,24000.00,23775.00,24000.00,23600.00,26230000
5/6/2024,23750.00,23850.00,23875.00,23600.00,18520000
4/6/2024,23800.00,23750.00,23900.00,23500.00,19920000
3/6/2024,23575.00,23750.00,23850.00,23550.00,21360000
31/05/2024,23500.00,23400.00,23500.00,23150.00,11350000
30/05/2024,23400.00,23025.00,23400.00,22925.00,15150000
29/05/2024,23250.00,23500.00,23525.00,23200.00,13900000
28/05/2024,23450.00,23250.00,23475.00,23150.00,12030000
27/05/2024,23250.00,23200.00,23300.00,23000.00,10020000
24/05/2024,23200.00,23075.00,23625.00,22900.00,29240000
23/05/2024,23250.00,23150.00,23325.00,22925.00,14480000
22/05/2024,23200.00,23625.00,23750.00,23175.00,29330000
21/05/2024,23600.00,24050.00,24100.00,23525.00,22520000
20/05/2024,24850.00,24975.00,25250.00,24775.00,18610000
17/05/2024,24875.00,24875.00,25000.00,24825.00,12690000
16/05/2024,24950.00,24250.00,24975.00,24200.00,41730000
15/05/2024,24050.00,23950.00,24075.00,23875.00,19360000
14/05/2024,23950.00,24225.00,24225.00,23925.00,14950000
13/05/2024,24200.00,24250.00,24325.00,24000.00,12010000
10/5/2024,24250.00,24400.00,24400.00,23950.00,15360000
9/5/2024,24225.00,24300.00,24450.00,23900.00,17410000
8/5/2024,24100.00,23950.00,24600.00,23650.00,30770000
7/5/2024,23950.00,24175.00,24175.00,23850.00,18120000
6/5/2024,24175.00,24250.00,24350.00,23950.00,15810000
3/5/2024,24100.00,23750.00,24400.00,23700.00,27320000
2/5/2024,23425.00,23400.00,23475.00,23175.00,8700000
26/04/2024,23300.00,23000.00,23450.00,22825.00,11360000
25/04/2024,23075.00,23500.00,23500.00,22900.00,14320000
24/04/2024,23500.00,23400.00,23525.00,23200.00,15060000
23/04/2024,23100.00,22750.00,23750.00,22750.00,31190000
22/04/2024,22625.00,22675.00,22850.00,22450.00,13630000
19/04/2024,22250.00,22000.00,22325.00,21675.00,28890000
17/04/2024,22425.00,22750.00,22800.00,22325.00,14910000
16/04/2024,22750.00,22475.00,22750.00,22100.00,30300000
15/04/2024,22200.00,23600.00,23725.00,22100.00,27470000
12/4/2024,23700.00,22725.00,23725.00,22550.00,26910000
11/4/2024,22550.00,22525.00,22825.00,22475.00,22740000
10/4/2024,22825.00,23000.00,23400.00,22800.00,15510000
9/4/2024,22900.00,22750.00,22900.00,22600.00,10770000
8/4/2024,22750.00,22500.00,22925.00,22450.00,19930000
5/4/2024,22600.00,22750.00,22950.00,22575.00,24260000
4/4/2024,23000.00,23250.00,23375.00,22975.00,21510000
3/4/2024,23400.00,23700.00,23975.00,23400.00,17550000
2/4/2024,23825.00,23800.00,24000.00,23500.00,27120000
1/4/2024,23725.00,23775.00,23850.00,23425.00,17120000
29/03/2024,23775.00,23975.00,24075.00,23775.00,12810000
28/03/2024,24000.00,24350.00,24350.00,23850.00,60050000
27/03/2024,22775.00,23100.00,23100.00,22550.00,9280000
26/03/2024,22975.00,22400.00,23100.00,22250.00,15510000
25/03/2024,22400.00,22800.00,23200.00,22075.00,21470000
22/03/2024,22450.00,22750.00,22750.00,22025.00,21580000
21/03/2024,22550.00,21300.00,22550.00,21300.00,33850000
20/03/2024,21150.00,20200.00,21225.00,20025.00,33760000
19/03/2024,20150.00,20100.00,20200.00,19800.00,10660000
18/03/2024,20050.00,20600.00,20600.00,19700.00,22590000
15/03/2024,20700.00,20625.00,20825.00,20200.00,15080000
14/03/2024,20700.00,21050.00,21050.00,20625.00,13270000
13/03/2024,21000.00,20600.00,21000.00,20475.00,15790000
12/3/2024,20600.00,20175.00,20650.00,20050.00,16990000
11/3/2024,20200.00,20450.00,20600.00,19950.00,22370000
8/3/2024,20500.00,21225.00,21300.00,20500.00,40250000
7/3/2024,21300.00,21425.00,21650.00,21200.00,14430000
6/3/2024,21375.00,21025.00,21750.00,20900.00,22330000
5/3/2024,21100.00,20900.00,21100.00,20700.00,12630000
4/3/2024,20925.00,20875.00,21100.00,20675.00,16870000
1/3/2024,20925.00,20850.00,20925.00,20625.00,18580000
29/02/2024,21100.00,21225.00,21225.00,20675.00,18050000
28/02/2024,21100.00,21025.00,21175.00,20775.00,15050000
27/02/2024,20975.00,20700.00,20975.00,20500.00,16830000
26/02/2024,20600.00,20100.00,20750.00,20100.00,19230000
23/02/2024,20050.00,20375.00,21175.00,20000.00,32880000
22/02/2024,20150.00,19500.00,20175.00,19475.00,19290000
21/02/2024,19500.00,19375.00,19675.00,19300.00,15350000
20/02/2024,19450.00,19400.00,19500.00,19250.00,10830000
19/02/2024,19450.00,19275.00,19525.00,19225.00,19470000
16/02/2024,19250.00,19250.00,19350.00,18950.00,14440000
15/02/2024,19200.00,18750.00,19475.00,18725.00,26140000
7/2/2024,18650.00,17900.00,18650.00,17900.00,22330000
6/2/2024,17825.00,17825.00,18100.00,17800.00,8030000
5/2/2024,17750.00,17225.00,18000.00,17200.00,19200000
2/2/2024,17075.00,17000.00,17225.00,17000.00,15730000
1/2/2024,17075.00,17225.00,17325.00,17000.00,12420000
31/01/2024,17275.00,17600.00,17625.00,17200.00,10760000
30/01/2024,17600.00,17550.00,17625.00,17350.00,10410000
29/01/2024,17625.00,17725.00,17825.00,17600.00,6290000
26/01/2024,17700.00,17525.00,17750.00,17500.00,6290000
25/01/2024,17500.00,17625.00,17625.00,17450.00,8540000
24/01/2024,17625.00,17625.00,17775.00,17625.00,6280000
23/01/2024,17725.00,17750.00,18000.00,17700.00,20150000
22/01/2024,17475.00,17650.00,17650.00,17350.00,8630000
19/01/2024,17475.00,17300.00,17575.00,17250.00,15890000
18/01/2024,17200.00,17125.00,17300.00,17025.00,8220000
17/01/2024,17025.00,17075.00,17325.00,17000.00,8840000
16/01/2024,17075.00,17050.00,17100.00,16900.00,8920000
15/01/2024,17150.00,17350.00,17400.00,17150.00,7450000
12/1/2024,17325.00,16925.00,17350.00,16775.00,20370000
11/1/2024,17075.00,17150.00,17300.00,16900.00,13460000
10/1/2024,17200.00,17275.00,17350.00,17125.00,14380000
9/1/2024,17250.00,17000.00,17250.00,16900.00,13800000
8/1/2024,17050.00,16750.00,17075.00,16675.00,12650000
5/1/2024,16600.00,16550.00,16700.00,16500.00,7140000
4/1/2024,16550.00,16300.00,16825.00,16275.00,20150000
3/1/2024,16300.00,15950.00,16300.00,15925.00,11220000
2/1/2024,16050.00,15950.00,16125.00,15900.00,7420000
29/12/2023,15900.00,15850.00,15975.00,15750.00,8460000
28/12/2023,15750.00,15450.00,15825.00,15450.00,11510000
27/12/2023,15425.00,15425.00,15575.00,15425.00,4030000
26/12/2023,15400.00,15425.00,15500.00,15375.00,3010000
25/12/2023,15475.00,15400.00,15500.00,15300.00,5150000
22/12/2023,15300.00,15250.00,15400.00,15225.00,3710000
21/12/2023,15325.00,15150.00,15325.00,15075.00,4970000
20/12/2023,15175.00,15150.00,15275.00,15075.00,3490000
19/12/2023,15300.00,15000.00,15300.00,14900.00,4220000
18/12/2023,15025.00,15300.00,15325.00,15025.00,4760000
15/12/2023,15300.00,15275.00,15400.00,15200.00,4310000
14/12/2023,15275.00,15400.00,15425.00,15275.00,5110000
13/12/2023,15250.00,15575.00,15575.00,15250.00,6220000
12/12/2023,15525.00,15425.00,15525.00,15375.00,4340000
11/12/2023,15425.00,15475.00,15500.00,15325.00,3230000
8/12/2023,15475.00,15425.00,15500.00,15300.00,5500000
7/12/2023,15425.00,15275.00,15525.00,15150.00,11690000
6/12/2023,15200.00,15000.00,15250.00,15000.00,4980000
5/12/2023,15025.00,15125.00,15150.00,14950.00,6190000
4/12/2023,15100.00,14900.00,15250.00,14900.00,9520000
1/12/2023,14875.00,14800.00,14925.00,14675.00,5390000
30/11/2023,14750.00,14875.00,15025.00,14750.00,5510000
29/11/2023,14950.00,14950.00,15150.00,14800.00,3560000
28/11/2023,14975.00,14650.00,14975.00,14400.00,7470000
27/11/2023,14650.00,14975.00,14975.00,14650.00,6100000
24/11/2023,15025.00,15175.00,15300.00,14725.00,9390000
23/11/2023,15200.00,15600.00,15650.00,15200.00,6560000
22/11/2023,15475.00,15450.00,15500.00,15325.00,3670000
21/11/2023,15400.00,15675.00,15675.00,15400.00,4490000
20/11/2023,15500.00,15250.00,15625.00,15225.00,8640000
17/11/2023,15575.00,15850.00,15975.00,15350.00,10170000
16/11/2023,15850.00,15750.00,15900.00,15750.00,4480000
15/11/2023,15775.00,16000.00,16100.00,15750.00,7340000
14/11/2023,15750.00,15575.00,15875.00,15450.00,7960000
13/11/2023,15450.00,15650.00,15650.00,15325.00,4920000
10/11/2023,15525.00,15600.00,15750.00,15350.00,8150000
9/11/2023,15750.00,15925.00,15975.00,15650.00,8510000
8/11/2023,15900.00,15300.00,15950.00,15100.00,7750000
7/11/2023,15300.00,15300.00,15475.00,15225.00,3020000
6/11/2023,15500.00,15400.00,15500.00,15150.00,6600000
3/11/2023,15500.00,14975.00,15500.00,14775.00,16210000
2/11/2023,14675.00,14400.00,14800.00,14250.00,9410000
1/11/2023,14100.00,14150.00,14225.00,13725.00,8960000
31/10/2023,13850.00,14100.00,14250.00,13600.00,12170000
30/10/2023,14050.00,14600.00,14625.00,14050.00,13190000
27/10/2023,14775.00,15000.00,15200.00,14550.00,7750000
26/10/2023,14900.00,15400.00,15475.00,14600.00,13350000
25/10/2023,15600.00,15600.00,15800.00,15600.00,4250000
24/10/2023,15675.00,15675.00,15900.00,15525.00,4350000
23/10/2023,15450.00,15550.00,15750.00,15250.00,5580000
20/10/2023,15550.00,15350.00,15700.00,15275.00,4870000
19/10/2023,15325.00,15625.00,15700.00,15325.00,5570000
18/10/2023,15625.00,15875.00,15900.00,15500.00,9440000
17/10/2023,15875.00,15975.00,16100.00,15875.00,3640000
16/10/2023,15900.00,16025.00,16150.00,15900.00,4950000
13/10/2023,16100.00,16200.00,16225.00,16000.00,3900000
12/10/2023,16250.00,16350.00,16425.00,16250.00,4930000
11/10/2023,16300.00,16325.00,16325.00,16150.00,4400000
10/10/2023,16250.00,16150.00,16325.00,16125.00,5320000
9/10/2023,16050.00,16050.00,16075.00,15950.00,5590000
6/10/2023,16025.00,15875.00,16125.00,15800.00,5100000
5/10/2023,15900.00,16175.00,16300.00,15900.00,4890000
4/10/2023,16125.00,16125.00,16325.00,16000.00,5590000
3/10/2023,16250.00,16450.00,16450.00,15950.00,9300000
2/10/2023,16575.00,16825.00,16825.00,16500.00,4280000
29/09/2023,16825.00,16750.00,16850.00,16550.00,5820000
28/09/2023,16825.00,16300.00,16950.00,15925.00,13110000
27/09/2023,16300.00,16125.00,16300.00,16125.00,7110000
26/09/2023,16200.00,16400.00,16500.00,16200.00,9510000
25/09/2023,16400.00,17000.00,17100.00,16375.00,8460000
22/09/2023,17000.00,16975.00,17125.00,16700.00,15090000
21/09/2023,17150.00,17175.00,17250.00,17000.00,6330000
20/09/2023,17175.00,16950.00,17250.00,16925.00,6850000
19/09/2023,16950.00,17150.00,17175.00,16900.00,11730000
18/09/2023,17050.00,17425.00,17500.00,17000.00,15460000
15/09/2023,17450.00,17550.00,17750.00,17450.00,9050000
14/09/2023,17450.00,17550.00,17875.00,17450.00,15290000
13/09/2023,17500.00,17700.00,17725.00,17425.00,9960000
12/9/2023,17650.00,17275.00,17650.00,17200.00,9870000
11/9/2023,17275.00,17800.00,17800.00,17225.00,21620000
8/9/2023,17675.00,17925.00,17950.00,17675.00,9210000
7/9/2023,17875.00,17625.00,18075.00,17550.00,18090000
6/9/2023,17600.00,17525.00,17675.00,17425.00,9310000
5/9/2023,17500.00,17400.00,17575.00,17375.00,16000000
31/08/2023,17250.00,17050.00,17250.00,17050.00,8240000
30/08/2023,17000.00,17000.00,17150.00,16950.00,8540000
29/08/2023,16950.00,17000.00,17125.00,16875.00,7410000
28/08/2023,17000.00,16925.00,17050.00,16800.00,8030000
25/08/2023,16825.00,16850.00,16925.00,16700.00,7280000
24/08/2023,16900.00,16750.00,16975.00,16700.00,9630000
23/08/2023,16600.00,17000.00,17100.00,16600.00,18180000
22/08/2023,16550.00,16375.00,16550.00,15950.00,13430000
21/08/2023,16375.00,16250.00,16475.00,16050.00,10710000
18/08/2023,16250.00,17275.00,17275.00,16225.00,26440000
17/08/2023,17350.00,17650.00,17650.00,17350.00,10620000
16/08/2023,17650.00,17000.00,17675.00,16975.00,26390000
15/08/2023,17025.00,16950.00,17200.00,16925.00,9220000
14/08/2023,16900.00,16875.00,16900.00,16725.00,9150000
11/8/2023,16825.00,16775.00,16900.00,16550.00,11820000
10/8/2023,16750.00,17000.00,17025.00,16750.00,12330000
9/8/2023,17000.00,17025.00,17100.00,16900.00,9340000
8/8/2023,17000.00,17200.00,17250.00,16975.00,11080000
7/8/2023,17175.00,17100.00,17225.00,17000.00,10510000
4/8/2023,16800.00,16825.00,17100.00,16725.00,24650000
3/8/2023,16750.00,17000.00,17025.00,16750.00,8340000
2/8/2023,16950.00,16950.00,17050.00,16875.00,9290000
1/8/2023,17000.00,17300.00,17300.00,17000.00,17320000
31/07/2023,17150.00,17050.00,17300.00,17000.00,15300000
28/07/2023,16900.00,16525.00,16900.00,16500.00,11260000
27/07/2023,16550.00,16675.00,16725.00,16350.00,15590000
26/07/2023,16725.00,16750.00,16775.00,16600.00,6830000
25/07/2023,16750.00,16400.00,16900.00,16350.00,26540000
24/07/2023,16225.00,16225.00,16250.00,16075.00,9660000
21/07/2023,16150.00,15925.00,16150.00,15925.00,10410000
20/07/2023,15950.00,16200.00,16200.00,15900.00,10530000
19/07/2023,16150.00,16325.00,16450.00,16125.00,11110000
18/07/2023,16150.00,15950.00,16150.00,15900.00,13020000
17/07/2023,15950.00,16050.00,16050.00,15900.00,7310000
14/07/2023,15975.00,16100.00,16100.00,15850.00,8940000
13/07/2023,15975.00,15850.00,16000.00,15825.00,8820000
12/7/2023,15825.00,15950.00,16000.00,15800.00,8680000
11/7/2023,15975.00,16100.00,16175.00,15975.00,11420000
10/7/2023,16000.00,16000.00,16050.00,15850.00,9970000
7/7/2023,15775.00,15750.00,15900.00,15650.00,6550000
6/7/2023,15775.00,15975.00,16025.00,15600.00,12620000
5/7/2023,15975.00,16075.00,16200.00,15975.00,8650000
4/7/2023,16000.00,16000.00,16050.00,15925.00,8650000
3/7/2023,16000.00,16350.00,16350.00,16000.00,7510000
30/06/2023,16175.00,16325.00,16400.00,16175.00,4900000
29/06/2023,16325.00,16650.00,16700.00,16325.00,7080000
28/06/2023,16650.00,16475.00,16650.00,16375.00,8610000
27/06/2023,16475.00,16650.00,16700.00,16450.00,7330000
26/06/2023,16650.00,16450.00,16650.00,16275.00,8090000
23/06/2023,16450.00,16325.00,16625.00,16275.00,8290000
22/06/2023,16300.00,16450.00,16575.00,16300.00,8790000
21/06/2023,16250.00,16075.00,16250.00,16050.00,5010000
20/06/2023,16075.00,16100.00,16125.00,15975.00,4170000
19/06/2023,16050.00,16275.00,16275.00,15975.00,7350000
16/06/2023,16275.00,16325.00,16725.00,16250.00,13860000
15/06/2023,16325.00,16300.00,16450.00,16200.00,7730000
14/06/2023,16300.00,16500.00,16725.00,16275.00,10750000
13/06/2023,16400.00,16350.00,16450.00,16200.00,7060000
12/6/2023,16350.00,16125.00,16425.00,15950.00,8270000
9/6/2023,16200.00,15900.00,16250.00,15800.00,10630000
8/6/2023,15875.00,16350.00,16375.00,15875.00,11480000
7/6/2023,16300.00,16275.00,16375.00,16100.00,9930000
6/6/2023,16350.00,15950.00,16350.00,15875.00,12000000
5/6/2023,15950.00,16225.00,16400.00,15950.00,11720000
2/6/2023,16100.00,15400.00,16100.00,15350.00,27600000
1/6/2023,15150.00,15000.00,15150.00,14875.00,9550000
31/05/2023,14975.00,15100.00,15150.00,14950.00,7890000
30/05/2023,15100.00,15200.00,15225.00,15000.00,4200000
29/05/2023,15100.00,15000.00,15100.00,14900.00,5530000
26/05/2023,14950.00,14950.00,14975.00,14825.00,3590000
25/05/2023,14900.00,14900.00,14950.00,14800.00,5040000
24/05/2023,14900.00,15200.00,15275.00,14875.00,9640000
23/05/2023,15175.00,15350.00,15350.00,15000.00,8410000
22/05/2023,15250.00,14850.00,15300.00,14850.00,18890000
19/05/2023,14825.00,14775.00,14875.00,14625.00,6800000
18/05/2023,14775.00,14625.00,14850.00,14625.00,6430000
17/05/2023,14625.00,14850.00,14950.00,14625.00,7320000
16/05/2023,14900.00,15050.00,15050.00,14875.00,4150000
15/05/2023,14950.00,14725.00,15075.00,14700.00,14670000
12/5/2023,14650.00,14550.00,14650.00,14500.00,5250000
11/5/2023,14550.00,14750.00,14750.00,14550.00,5030000
10/5/2023,14650.00,14675.00,14700.00,14550.00,5050000
9/5/2023,14650.00,14725.00,14750.00,14525.00,3980000
8/5/2023,14700.00,14450.00,14700.00,14350.00,5700000
5/5/2023,14350.00,14525.00,14600.00,14225.00,6880000
4/5/2023,14525.00,14750.00,14750.00,14450.00,3840000
28/04/2023,14750.00,14975.00,14975.00,14750.00,4960000
27/04/2023,14950.00,15100.00,15100.00,14925.00,4060000
26/04/2023,15000.00,14600.00,15000.00,14425.00,6480000
25/04/2023,14500.00,14825.00,14925.00,14500.00,4170000
24/04/2023,14750.00,14350.00,14875.00,14325.00,6970000
21/04/2023,14350.00,14500.00,14500.00,14350.00,4710000
20/04/2023,14425.00,14450.00,14500.00,14275.00,4630000
19/04/2023,14500.00,14600.00,14700.00,14500.00,5220000
18/04/2023,14575.00,14700.00,14700.00,14450.00,5110000
17/04/2023,14725.00,14500.00,14725.00,14375.00,6030000
14/04/2023,14450.00,15100.00,15200.00,14450.00,18870000
13/04/2023,15100.00,15300.00,15475.00,15100.00,6430000
12/4/2023,15350.00,15200.00,15475.00,15050.00,9010000
11/4/2023,15200.00,15100.00,15200.00,14800.00,10420000
10/4/2023,15100.00,14825.00,15400.00,14800.00,11320000
7/4/2023,14775.00,14825.00,14850.00,14700.00,8190000
6/4/2023,14800.00,14675.00,15100.00,14675.00,15660000
5/4/2023,14750.00,14700.00,14800.00,14600.00,8660000
4/4/2023,14750.00,14650.00,14750.00,14525.00,14610000
3/4/2023,14650.00,14500.00,14675.00,14350.00,24850000
31/03/2023,14175.00,13900.00,14200.00,13900.00,14440000
30/03/2023,13850.00,14175.00,14250.00,13850.00,9800000
29/03/2023,14000.00,13775.00,14150.00,13750.00,11440000
28/03/2023,13775.00,13350.00,13850.00,13350.00,15330000
27/03/2023,13250.00,13225.00,13350.00,13175.00,3070000
24/03/2023,13225.00,13200.00,13350.00,13150.00,3910000
23/03/2023,13100.00,13100.00,13175.00,12925.00,4740000
22/03/2023,13100.00,13225.00,13300.00,13100.00,4940000
21/03/2023,13175.00,13250.00,13300.00,13050.00,4000000
20/03/2023,13125.00,13250.00,13300.00,13125.00,4570000
17/03/2023,13325.00,13400.00,13550.00,13300.00,2400000
16/03/2023,13375.00,13450.00,13475.00,13175.00,5320000
15/03/2023,13600.00,13400.00,13700.00,13400.00,4720000
14/03/2023,13150.00,13325.00,13375.00,13150.00,4940000
13/03/2023,13375.00,13275.00,13475.00,13275.00,6230000
10/3/2023,13575.00,13750.00,13800.00,13500.00,4260000
9/3/2023,13900.00,13750.00,13925.00,13600.00,6570000
8/3/2023,13650.00,13450.00,13700.00,13400.00,3890000
7/3/2023,13550.00,13600.00,13750.00,13525.00,4680000
6/3/2023,13600.00,13500.00,13725.00,13350.00,5140000
3/3/2023,13400.00,13600.00,13675.00,13275.00,3750000
2/3/2023,13600.00,13775.00,13800.00,13500.00,3100000
1/3/2023,13650.00,13100.00,13675.00,13025.00,4410000
28/02/2023,13250.00,13500.00,13600.00,13250.00,4210000
27/02/2023,13500.00,13600.00,13600.00,13300.00,4750000
24/02/2023,13625.00,13975.00,13975.00,13575.00,3950000
23/02/2023,13975.00,13750.00,13975.00,13500.00,7190000
22/02/2023,13750.00,14025.00,14075.00,13750.00,4750000
21/02/2023,14200.00,14300.00,14475.00,14175.00,5180000
20/02/2023,14300.00,13875.00,14300.00,13850.00,5490000
17/02/2023,13900.00,13875.00,13900.00,13750.00,3570000
16/02/2023,13950.00,13800.00,13950.00,13600.00,4500000
15/02/2023,13700.00,13425.00,13800.00,13300.00,5270000
14/02/2023,13425.00,13250.00,13700.00,13250.00,5900000
13/02/2023,13300.00,13425.00,13450.00,13175.00,5790000
10/2/2023,13475.00,13675.00,13750.00,13450.00,5250000
9/2/2023,13650.00,13850.00,13925.00,13650.00,5510000
8/2/2023,13925.00,13750.00,13975.00,13700.00,5420000
7/2/2023,13700.00,13975.00,14025.00,13700.00,6580000
6/2/2023,13975.00,13550.00,14000.00,13525.00,6370000
3/2/2023,13550.00,14050.00,14100.00,13550.00,12900000
2/2/2023,14000.00,14100.00,14200.00,13800.00,7590000
1/2/2023,14100.00,14750.00,14750.00,14000.00,11890000
31/01/2023,14700.00,14325.00,14700.00,14025.00,12300000
30/01/2023,14350.00,14525.00,14525.00,14275.00,11830000
27/01/2023,14525.00,14675.00,14850.00,14500.00,11080000
19/01/2023,14550.00,14425.00,14650.00,14425.00,9480000
18/01/2023,14550.00,14550.00,14575.00,14450.00,6480000
17/01/2023,14500.00,14200.00,14650.00,14175.00,12360000
16/01/2023,14050.00,13925.00,14050.00,13825.00,4990000
13/01/2023,13900.00,13950.00,14150.00,13900.00,5620000
12/1/2023,13925.00,13825.00,13975.00,13800.00,4250000
11/1/2023,13825.00,13725.00,14000.00,13650.00,6270000
10/1/2023,13725.00,13875.00,14000.00,13650.00,5230000
9/1/2023,13875.00,13900.00,13975.00,13800.00,4780000
6/1/2023,13850.00,13725.00,14200.00,13650.00,9610000
5/1/2023,13825.00,13650.00,13900.00,13575.00,5430000
4/1/2023,13650.00,13725.00,13900.00,13625.00,6370000
3/1/2023,13725.00,12875.00,13725.00,12875.00,7570000
30/12/2022,12925.00,12975.00,13050.00,12925.00,4360000
29/12/2022,12975.00,13050.00,13150.00,12875.00,5870000
28/12/2022,13075.00,13050.00,13225.00,12875.00,6600000
27/12/2022,13150.00,12800.00,13150.00,12700.00,8850000
26/12/2022,12850.00,13625.00,13700.00,12850.00,15090000
23/12/2022,13800.00,13850.00,13950.00,13475.00,5760000
22/12/2022,13850.00,13875.00,14200.00,13625.00,7210000
21/12/2022,13850.00,14025.00,14100.00,13150.00,13120000
20/12/2022,13850.00,14500.00,14625.00,13625.00,23500000
19/12/2022,14625.00,14575.00,15325.00,14525.00,18640000
16/12/2022,14575.00,14500.00,14650.00,14300.00,12940000
15/12/2022,14750.00,14400.00,14775.00,14300.00,15360000
14/12/2022,14400.00,14750.00,14850.00,14400.00,16000000
13/12/2022,14400.00,13600.00,14400.00,13500.00,14630000
12/12/2022,13600.00,14125.00,14275.00,13600.00,12380000
9/12/2022,14125.00,14225.00,14250.00,13850.00,8820000
8/12/2022,14100.00,13400.00,14100.00,13250.00,20290000
7/12/2022,13200.00,13500.00,13575.00,12975.00,14230000
6/12/2022,13525.00,14400.00,14500.00,13500.00,28980000
5/12/2022,14500.00,14750.00,14900.00,14400.00,16890000
2/12/2022,14400.00,13500.00,14500.00,13425.00,18000000
1/12/2022,13700.00,13125.00,13850.00,13125.00,33070000
30/11/2022,12950.00,12600.00,12950.00,12475.00,17720000
29/11/2022,12600.00,12475.00,12800.00,12175.00,15750000
28/11/2022,12300.00,11650.00,12300.00,11625.00,18120000
25/11/2022,11500.00,11175.00,11500.00,11100.00,10420000
24/11/2022,11075.00,11000.00,11100.00,10750.00,6940000
23/11/2022,11000.00,11000.00,11200.00,10850.00,7540000
22/11/2022,21850.00,22050.00,23050.00,21850.00,7550000
21/11/2022,22250.00,22650.00,23100.00,22250.00,4510000
18/11/2022,22700.00,22850.00,23350.00,21800.00,6390000
17/11/2022,22950.00,22700.00,23050.00,22200.00,5980000
16/11/2022,22100.00,19300.00,22100.00,19300.00,18060000
15/11/2022,20700.00,22050.00,22050.00,20650.00,10940000
14/11/2022,22200.00,22200.00,22400.00,21300.00,5830000
11/11/2022,22800.00,23500.00,23950.00,22800.00,5480000
10/11/2022,22750.00,24000.00,24100.00,22650.00,7580000
9/11/2022,24350.00,24500.00,25100.00,24200.00,3650000
8/11/2022,24150.00,23750.00,24900.00,23000.00,5350000
7/11/2022,23750.00,25450.00,25800.00,23750.00,6330000
4/11/2022,25500.00,25000.00,25500.00,24050.00,12630000
3/11/2022,25850.00,24650.00,25850.00,24650.00,6660000
2/11/2022,25200.00,25700.00,25800.00,25050.00,5440000
1/11/2022,25650.00,25000.00,26000.00,25000.00,8600000
31/10/2022,24600.00,24600.00,24800.00,23500.00,7280000
28/10/2022,24400.00,23600.00,24400.00,23500.00,12480000
27/10/2022,22850.00,21500.00,22850.00,21500.00,5220000
26/10/2022,21400.00,21700.00,21800.00,21050.00,3150000
25/10/2022,21300.00,21300.00,22450.00,20000.00,9590000
24/10/2022,21300.00,23050.00,23350.00,21300.00,11800000
21/10/2022,22900.00,24850.00,24850.00,22900.00,9630000
20/10/2022,24600.00,25100.00,25100.00,24550.00,5210000
19/10/2022,25200.00,25300.00,25500.00,24600.00,4570000
18/10/2022,25300.00,25600.00,25900.00,25150.00,5030000
17/10/2022,25100.00,25500.00,25500.00,24350.00,7760000
14/10/2022,25700.00,26500.00,26500.00,25500.00,6330000
13/10/2022,25300.00,24800.00,25300.00,24100.00,9390000
12/10/2022,24800.00,24000.00,25400.00,23550.00,9610000
11/10/2022,24000.00,25800.00,25800.00,24000.00,21190000
10/10/2022,25800.00,25800.00,26950.00,25350.00,18280000
7/10/2022,27250.00,28900.00,28900.00,27250.00,14350000
6/10/2022,29300.00,30500.00,30800.00,29300.00,5570000
5/10/2022,30500.00,31000.00,31050.00,30500.00,3990000
4/10/2022,30300.00,30800.00,31000.00,30000.00,5970000
3/10/2022,30250.00,32500.00,32600.00,30250.00,6080000
30/09/2022,32500.00,33000.00,33200.00,32200.00,5240000
29/09/2022,33000.00,33700.00,33700.00,33000.00,2640000
28/09/2022,33250.00,33350.00,33700.00,33200.00,2070000
27/09/2022,33500.00,33550.00,33900.00,33200.00,2340000
26/09/2022,33250.00,33850.00,33850.00,32950.00,5220000
23/09/2022,34200.00,34450.00,34600.00,34050.00,2270000
22/09/2022,34550.00,34300.00,34650.00,34100.00,2920000
21/09/2022,34500.00,35000.00,35100.00,34500.00,2070000
20/09/2022,35050.00,35550.00,35550.00,34900.00,1990000
19/09/2022,35050.00,36000.00,36000.00,34850.00,3780000
16/09/2022,36000.00,36400.00,36650.00,36000.00,2190000
15/09/2022,36600.00,37000.00,37050.00,36600.00,1610000
14/09/2022,36800.00,36500.00,37000.00,36500.00,2790000
13/09/2022,37300.00,37400.00,37600.00,37300.00,1690000
12/9/2022,37500.00,37650.00,37800.00,37450.00,1290000
9/9/2022,37650.00,37700.00,37700.00,37000.00,2950000
8/9/2022,37400.00,37750.00,37900.00,37350.00,2470000
7/9/2022,37550.00,38650.00,38700.00,37550.00,4270000
6/9/2022,38650.00,38550.00,39000.00,38550.00,2340000
5/9/2022,38600.00,38850.00,38900.00,38550.00,2790000
31/08/2022,38950.00,38750.00,39150.00,38650.00,2270000
30/08/2022,38750.00,38800.00,39150.00,38750.00,3810000
29/08/2022,38750.00,38800.00,39100.00,38500.00,4470000
26/08/2022,39500.00,39600.00,39950.00,39500.00,4350000
25/08/2022,39550.00,39300.00,39700.00,39300.00,3710000
24/08/2022,39250.00,38800.00,39750.00,38800.00,3990000
23/08/2022,38800.00,38650.00,38800.00,38350.00,3340000
22/08/2022,38700.00,38850.00,39100.00,38550.00,3090000
19/08/2022,39000.00,39050.00,39200.00,38950.00,2570000
18/08/2022,39100.00,39100.00,39500.00,38950.00,5340000
17/08/2022,39300.00,39050.00,39350.00,39000.00,4460000
16/08/2022,39000.00,39050.00,39200.00,38950.00,3040000
15/08/2022,39100.00,39000.00,39350.00,38850.00,4370000
12/8/2022,38800.00,38500.00,38800.00,38250.00,2820000
11/8/2022,38500.00,39100.00,39300.00,38350.00,4920000
10/8/2022,38800.00,38850.00,39050.00,38700.00,3000000
9/8/2022,39150.00,39400.00,39650.00,39000.00,4310000
8/8/2022,39200.00,38500.00,39650.00,38500.00,8000000
5/8/2022,38400.00,38400.00,38800.00,38300.00,3910000
4/8/2022,38400.00,38250.00,38850.00,38200.00,4630000
3/8/2022,38150.00,38300.00,38400.00,37850.00,4940000
2/8/2022,38300.00,38400.00,38600.00,38050.00,4610000
1/8/2022,38600.00,37850.00,38800.00,37600.00,6880000
29/07/2022,37900.00,37500.00,37900.00,37150.00,5490000
28/07/2022,37300.00,36900.00,37500.00,36800.00,5600000
27/07/2022,36600.00,36400.00,36600.00,36400.00,1650000
26/07/2022,36600.00,36800.00,37050.00,36550.00,2790000
25/07/2022,36800.00,36850.00,37100.00,36750.00,2340000
22/07/2022,37100.00,37300.00,37900.00,37050.00,4420000
21/07/2022,36850.00,36600.00,36900.00,36300.00,5490000
20/07/2022,36300.00,36500.00,36600.00,36200.00,4920000
19/07/2022,36100.00,36250.00,36300.00,35750.00,2570000
18/07/2022,36300.00,36300.00,36850.00,36100.00,2990000
15/07/2022,36100.00,36100.00,36550.00,36100.00,4090000
14/07/2022,35950.00,35900.00,36300.00,35850.00,2900000
13/07/2022,36100.00,36150.00,36800.00,36000.00,3160000
12/7/2022,36100.00,35800.00,36100.00,35650.00,3920000
11/7/2022,35600.00,37050.00,37300.00,35500.00,8450000
8/7/2022,37550.00,37950.00,38000.00,37350.00,4060000
7/7/2022,37800.00,37450.00,38000.00,37000.00,3570000
6/7/2022,37600.00,37500.00,38400.00,37200.00,6060000
5/7/2022,37750.00,36600.00,38250.00,36350.00,10890000
4/7/2022,36350.00,36250.00,36700.00,36050.00,3150000
1/7/2022,36000.00,35600.00,36250.00,34850.00,3470000
30/06/2022,35550.00,36550.00,37100.00,35550.00,3570000
29/06/2022,36750.00,36200.00,37150.00,36200.00,3050000
28/06/2022,36700.00,35500.00,36950.00,35350.00,5340000
27/06/2022,35550.00,35550.00,35950.00,35500.00,4280000
24/06/2022,35500.00,35950.00,36100.00,35500.00,2970000
23/06/2022,35950.00,34800.00,36400.00,34550.00,4710000
22/06/2022,34800.00,33750.00,35300.00,33450.00,6210000
21/06/2022,33000.00,33100.00,33800.00,32800.00,4900000
20/06/2022,33000.00,34500.00,35200.00,33000.00,4000000
17/06/2022,34500.00,35050.00,35400.00,33850.00,4990000
16/06/2022,36050.00,35900.00,36500.00,35600.00,5920000
15/06/2022,35700.00,35700.00,36150.00,35050.00,5450000
14/06/2022,35750.00,35300.00,36300.00,35200.00,3740000
13/06/2022,36000.00,37000.00,37250.00,35950.00,6670000
10/6/2022,37950.00,37000.00,38900.00,36950.00,8190000
9/6/2022,37400.00,37250.00,37550.00,37050.00,5780000
8/6/2022,37250.00,36300.00,37450.00,36150.00,6460000
7/6/2022,36200.00,36000.00,36200.00,35000.00,4640000
6/6/2022,36050.00,36450.00,36800.00,36000.00,3850000
3/6/2022,36450.00,36350.00,36850.00,36050.00,3040000
2/6/2022,36400.00,36900.00,37000.00,36000.00,3530000
1/6/2022,36850.00,37000.00,37700.00,36650.00,3830000
31/05/2022,37150.00,37450.00,37600.00,37150.00,5120000
30/05/2022,37750.00,38000.00,38000.00,37450.00,4220000
27/05/2022,37450.00,36900.00,37450.00,36850.00,5780000
26/05/2022,36700.00,36700.00,37250.00,36550.00,4690000
25/05/2022,36500.00,35850.00,36650.00,35500.00,6710000
24/05/2022,35250.00,34800.00,35250.00,34400.00,4270000
23/05/2022,34850.00,35800.00,36200.00,34850.00,5290000
20/05/2022,35700.00,35800.00,36450.00,35350.00,5440000
19/05/2022,35800.00,35400.00,36400.00,35200.00,5690000
18/05/2022,36050.00,35700.00,36900.00,35350.00,8690000
17/05/2022,34850.00,32600.00,34850.00,32550.00,9450000
16/05/2022,32600.00,35100.00,35800.00,32600.00,11690000
13/05/2022,33800.00,36300.00,36800.00,33800.00,15200000
12/5/2022,36300.00,39000.00,39000.00,36300.00,7310000
11/5/2022,39000.00,39000.00,39450.00,38450.00,4070000
10/5/2022,38700.00,37450.00,38850.00,37450.00,10240000
9/5/2022,38600.00,41200.00,41400.00,38600.00,12360000
6/5/2022,41500.00,41700.00,42300.00,41500.00,4890000
5/5/2022,42600.00,42850.00,42850.00,41400.00,4800000
4/5/2022,42000.00,43500.00,43650.00,42000.00,6380000
29/04/2022,44000.00,42300.00,44000.00,42200.00,9800000
28/04/2022,42300.00,41650.00,42800.00,41650.00,4730000
27/04/2022,41600.00,41500.00,42200.00,40900.00,6150000
26/04/2022,41500.00,40600.00,42000.00,38850.00,11120000
25/04/2022,41050.00,44200.00,44300.00,41050.00,12320000
22/04/2022,44100.00,44000.00,44750.00,43550.00,6680000
21/04/2022,43600.00,43000.00,44000.00,42900.00,10020000
20/04/2022,43050.00,43700.00,44200.00,43050.00,7910000
19/04/2022,43700.00,45000.00,45450.00,43500.00,7230000
18/04/2022,44850.00,46000.00,46250.00,44800.00,11510000
15/04/2022,45600.00,47300.00,47300.00,45600.00,18620000
14/04/2022,47300.00,48050.00,48350.00,47150.00,8320000
13/04/2022,48000.00,48400.00,48450.00,47900.00,6720000
12/4/2022,48000.00,48700.00,48900.00,47900.00,8280000
8/4/2022,48850.00,49400.00,49400.00,48800.00,7030000
7/4/2022,49300.00,49900.00,50300.00,49300.00,5970000
6/4/2022,49900.00,48900.00,49900.00,48700.00,9010000
5/4/2022,49050.00,49400.00,49500.00,49050.00,5800000
4/4/2022,49650.00,50400.00,50600.00,49650.00,9780000
1/4/2022,50300.00,49550.00,50400.00,49400.00,9580000
31/03/2022,49550.00,49500.00,49700.00,49300.00,5250000
30/03/2022,49150.00,48900.00,49900.00,48900.00,5600000
29/03/2022,48900.00,48900.00,49150.00,48650.00,4270000
28/03/2022,48800.00,49150.00,49150.00,48350.00,6600000
25/03/2022,49250.00,49400.00,49450.00,49150.00,3180000
24/03/2022,49300.00,49600.00,49800.00,49300.00,3210000
23/03/2022,49600.00,49900.00,50200.00,49600.00,3410000
22/03/2022,49900.00,49550.00,50300.00,49500.00,5950000
21/03/2022,49450.00,49250.00,49550.00,49100.00,3920000
18/03/2022,49200.00,49150.00,49400.00,49100.00,2910000
17/03/2022,49000.00,49450.00,49500.00,49000.00,3250000
16/03/2022,49050.00,48800.00,49450.00,48800.00,4540000
15/03/2022,48600.00,48600.00,49000.00,48500.00,3830000
14/03/2022,48500.00,48800.00,48900.00,48300.00,5160000
11/3/2022,48900.00,49200.00,49200.00,48700.00,6420000
10/3/2022,49250.00,49800.00,49800.00,49250.00,4390000
9/3/2022,49100.00,49000.00,49350.00,48900.00,6960000
8/3/2022,49000.00,49000.00,49500.00,48800.00,8770000
7/3/2022,49250.00,49500.00,49600.00,49100.00,8120000
4/3/2022,49950.00,49750.00,50400.00,49500.00,7020000
3/3/2022,49650.00,49500.00,49900.00,49150.00,7390000
2/3/2022,49200.00,50100.00,50100.00,49200.00,17890000
1/3/2022,50300.00,50700.00,50700.00,50100.00,6950000
28/02/2022,50400.00,50500.00,50900.00,50200.00,7110000
25/02/2022,50700.00,51000.00,51300.00,50500.00,6670000
24/02/2022,50500.00,51500.00,51900.00,49800.00,15530000
23/02/2022,51700.00,51700.00,52200.00,51400.00,6190000
22/02/2022,51400.00,51000.00,51700.00,50600.00,10560000
21/02/2022,51500.00,51600.00,51700.00,50800.00,8650000
18/02/2022,51600.00,51700.00,52000.00,51500.00,6540000
17/02/2022,52200.00,51600.00,52500.00,51600.00,7300000
16/02/2022,51600.00,52200.00,52200.00,51500.00,6170000
15/02/2022,51800.00,51600.00,52100.00,51300.00,8580000
14/02/2022,51500.00,53200.00,53200.00,51500.00,18770000
11/2/2022,53700.00,53500.00,53800.00,53000.00,7850000
10/2/2022,53600.00,53600.00,54200.00,53100.00,11220000
9/2/2022,53600.00,54000.00,54900.00,53600.00,17390000
8/2/2022,53800.00,52800.00,54300.00,52800.00,16480000
7/2/2022,52800.00,53700.00,53800.00,52800.00,9810000
28/01/2022,52800.00,51900.00,53000.00,51600.00,10290000
27/01/2022,51900.00,52000.00,52700.00,51500.00,8040000
26/01/2022,52400.00,52400.00,53300.00,52000.00,15040000
25/01/2022,51900.00,51200.00,52100.00,51000.00,14470000
24/01/2022,50300.00,49950.00,51400.00,49800.00,16270000
21/01/2022,49800.00,49000.00,50800.00,48900.00,10320000
20/01/2022,48850.00,48650.00,49400.00,48600.00,6430000
19/01/2022,48850.00,49000.00,49400.00,48800.00,4220000
18/01/2022,48750.00,48600.00,49450.00,48500.00,7890000
17/01/2022,48600.00,49700.00,50500.00,48600.00,10990000
14/01/2022,49750.00,50000.00,50400.00,49500.00,5190000
13/01/2022,50500.00,50900.00,51800.00,50200.00,14420000
12/1/2022,50400.00,48450.00,50400.00,48400.00,12040000
11/1/2022,48450.00,48900.00,49100.00,48400.00,7300000
10/1/2022,48650.00,49500.00,49600.00,48650.00,8770000
7/1/2022,49450.00,49900.00,50100.00,49400.00,7830000
6/1/2022,49900.00,50200.00,50400.00,49600.00,10720000
5/1/2022,50500.00,50900.00,51200.00,50300.00,9570000
4/1/2022,50900.00,50500.00,51200.00,50300.00,11330000
31/12/2021,50000.00,49500.00,50500.00,49450.00,9550000
30/12/2021,49300.00,49200.00,49750.00,49000.00,5320000
29/12/2021,49100.00,49150.00,49650.00,49000.00,6140000
28/12/2021,49150.00,49250.00,49350.00,48700.00,7470000
27/12/2021,48850.00,49400.00,49400.00,48500.00,4730000
24/12/2021,48900.00,47450.00,49150.00,47450.00,6140000
23/12/2021,47350.00,48850.00,48850.00,47300.00,13500000
22/12/2021,48900.00,49300.00,49500.00,48300.00,12630000
21/12/2021,49250.00,49500.00,49700.00,49200.00,7260000
20/12/2021,49500.00,49850.00,50000.00,49350.00,7690000
17/12/2021,49850.00,50000.00,50100.00,49800.00,7900000
16/12/2021,49850.00,50500.00,50500.00,49850.00,6330000
15/12/2021,50200.00,50300.00,50800.00,49950.00,6820000
14/12/2021,50100.00,50000.00,50800.00,49850.00,7140000
13/12/2021,50000.00,50300.00,50400.00,49950.00,7440000
10/12/2021,50200.00,50500.00,50900.00,50100.00,7510000
9/12/2021,50400.00,50000.00,50400.00,49850.00,5200000
8/12/2021,50000.00,50200.00,50800.00,49900.00,7650000
7/12/2021,50000.00,49600.00,50300.00,49350.00,8980000
6/12/2021,49000.00,50300.00,51000.00,48650.00,22910000
3/12/2021,50200.00,52000.00,52200.00,50200.00,15570000
2/12/2021,51700.00,52400.00,52600.00,51700.00,8970000
1/12/2021,52400.00,51600.00,52400.00,51500.00,11340000
30/11/2021,51800.00,53100.00,53100.00,51500.00,24490000
29/11/2021,52300.00,53000.00,53400.00,52100.00,28240000
26/11/2021,54000.00,55100.00,55500.00,53900.00,21920000
25/11/2021,54900.00,56000.00,56000.00,54700.00,17980000
24/11/2021,55500.00,52600.00,55700.00,52300.00,52380000
23/11/2021,52600.00,53400.00,53500.00,52400.00,10600000
22/11/2021,53100.00,52300.00,54800.00,52300.00,23610000
19/11/2021,52300.00,51800.00,53400.00,51200.00,29910000
18/11/2021,51500.00,52000.00,52200.00,51400.00,12830000
17/11/2021,52200.00,52000.00,52400.00,51700.00,12110000
16/11/2021,52000.00,52000.00,52900.00,51600.00,12520000
15/11/2021,52000.00,52800.00,53000.00,51900.00,11080000
12/11/2021,52500.00,51400.00,52700.00,51100.00,12720000
11/11/2021,51500.00,51700.00,52400.00,50700.00,21840000
10/11/2021,51700.00,52600.00,52700.00,51600.00,19480000
9/11/2021,52300.00,53000.00,53300.00,52300.00,21530000
8/11/2021,52600.00,52800.00,53300.00,52300.00,21190000
5/11/2021,53000.00,53500.00,53500.00,52700.00,13450000
4/11/2021,53300.00,53700.00,54200.00,52800.00,18680000
3/11/2021,53700.00,52300.00,54200.00,52000.00,39740000
2/11/2021,51600.00,51800.00,51800.00,51500.00,15470000
1/11/2021,51600.00,51700.00,52500.00,51500.00,25400000
29/10/2021,51600.00,51900.00,52000.00,51300.00,12740000
28/10/2021,51800.00,52000.00,52100.00,51500.00,13860000
27/10/2021,51500.00,51200.00,51800.00,50900.00,16750000
26/10/2021,51000.00,50400.00,51000.00,49950.00,20160000
25/10/2021,50900.00,52100.00,52100.00,50800.00,28530000
22/10/2021,52300.00,52900.00,53000.00,52200.00,11640000
21/10/2021,52900.00,54000.00,54000.00,52900.00,15320000
20/10/2021,53200.00,52800.00,53900.00,52500.00,22700000
19/10/2021,52700.00,52900.00,53000.00,52000.00,14170000
18/10/2021,52900.00,53200.00,53600.00,52700.00,15020000
15/10/2021,52600.00,52900.00,52900.00,52300.00,11950000
14/10/2021,52500.00,52500.00,53000.00,52200.00,19790000
13/10/2021,52400.00,53000.00,53200.00,52300.00,14190000
12/10/2021,53000.00,53400.00,53400.00,52600.00,14220000
11/10/2021,53000.00,51000.00,53000.00,51000.00,23100000
8/10/2021,50700.00,50100.00,50900.00,50000.00,7630000
7/10/2021,50000.00,50600.00,50800.00,50000.00,5410000
6/10/2021,50300.00,49450.00,50500.00,49200.00,8580000
5/10/2021,49100.00,48600.00,49200.00,48600.00,5890000
4/10/2021,48350.00,48800.00,48950.00,48300.00,9510000
1/10/2021,49000.00,49600.00,49800.00,48900.00,6500000
30/09/2021,49600.00,49700.00,50400.00,49600.00,5280000
29/09/2021,49400.00,49200.00,49750.00,48900.00,5680000
28/09/2021,49800.00,49300.00,49850.00,48800.00,5570000
27/09/2021,49500.00,50700.00,51100.00,49500.00,6850000
24/09/2021,50600.00,50700.00,51500.00,50300.00,7360000
23/09/2021,50200.00,50600.00,51300.00,50000.00,8630000
22/09/2021,50500.00,50900.00,50900.00,49900.00,4960000
21/09/2021,50400.00,50100.00,50900.00,49750.00,10060000
20/09/2021,50700.00,50500.00,51600.00,50100.00,13070000
17/09/2021,49750.00,49200.00,49900.00,49200.00,8270000
16/09/2021,49100.00,48900.00,49150.00,48600.00,5520000
15/09/2021,48400.00,48200.00,48800.00,48100.00,5040000
14/09/2021,48500.00,48950.00,49100.00,48500.00,6140000
13/09/2021,48950.00,49150.00,49450.00,48900.00,6800000
10/9/2021,49300.00,49800.00,49800.00,49000.00,7220000
9/9/2021,49300.00,48500.00,49500.00,48500.00,7850000
8/9/2021,48800.00,49600.00,49650.00,48600.00,7150000
7/9/2021,49650.00,49050.00,50400.00,49050.00,11610000
6/9/2021,48950.00,48650.00,48950.00,47900.00,12880000
1/9/2021,48300.00,48200.00,48950.00,48200.00,8530000
31/08/2021,48500.00,49500.00,49500.00,47000.00,7770000
30/08/2021,49200.00,48600.00,49400.00,48100.00,12300000
27/08/2021,48050.00,47800.00,48150.00,47000.00,19690000
26/08/2021,48300.00,49300.00,49350.00,48200.00,10110000
25/08/2021,49150.00,48900.00,49200.00,48500.00,9430000
24/08/2021,49000.00,48750.00,49200.00,48400.00,16210000
23/08/2021,48750.00,50300.00,50800.00,48750.00,26000000
20/08/2021,50500.00,52800.00,53000.00,49800.00,31460000
19/08/2021,53000.00,52500.00,53300.00,52100.00,18770000
18/08/2021,52800.00,53000.00,53500.00,52500.00,12910000
17/08/2021,53300.00,54300.00,54700.00,52800.00,16000000
16/08/2021,54000.00,52300.00,54400.00,52100.00,30300000
13/08/2021,52200.00,52000.00,52200.00,51100.00,15400000
12/8/2021,52000.00,52400.00,53000.00,52000.00,11780000
11/8/2021,52300.00,52300.00,53500.00,51900.00,20470000
10/8/2021,52300.00,53000.00,53000.00,51900.00,12270000
9/8/2021,52500.00,51500.00,52700.00,51300.00,15210000
6/8/2021,51800.00,52500.00,53200.00,51800.00,16080000
5/8/2021,52500.00,51900.00,52700.00,51700.00,12020000
4/8/2021,52000.00,52500.00,52600.00,51800.00,19180000
3/8/2021,51800.00,50800.00,52000.00,50800.00,22930000
2/8/2021,50800.00,51000.00,51400.00,50600.00,14030000
30/07/2021,51100.00,50700.00,51600.00,50500.00,16930000
29/07/2021,50600.00,50100.00,50800.00,50000.00,12540000
28/07/2021,49700.00,49750.00,50300.00,49500.00,7470000
27/07/2021,49750.00,50000.00,50300.00,49550.00,13270000
26/07/2021,49000.00,49000.00,49650.00,48700.00,14420000
23/07/2021,49500.00,50600.00,51100.00,49500.00,20070000
22/07/2021,51100.00,50100.00,51500.00,49800.00,13890000
21/07/2021,50300.00,50600.00,51400.00,49600.00,18600000
20/07/2021,49500.00,48300.00,49600.00,47000.00,23860000
19/07/2021,48000.00,50000.00,50900.00,48000.00,39330000
16/07/2021,51600.00,52600.00,52900.00,51600.00,13990000
15/07/2021,52100.00,51000.00,53200.00,50800.00,20320000
14/07/2021,51000.00,53700.00,53800.00,50600.00,33440000
13/07/2021,53900.00,54100.00,54300.00,52800.00,20070000
12/7/2021,53500.00,55500.00,56500.00,52700.00,58240000
9/7/2021,56600.00,56100.00,58500.00,55600.00,38230000
8/7/2021,56600.00,55800.00,57400.00,55600.00,27360000
7/7/2021,56600.00,55000.00,56600.00,53600.00,37770000
6/7/2021,54000.00,57800.00,58600.00,54000.00,23010000
5/7/2021,58000.00,54800.00,58100.00,53800.00,47550000
2/7/2021,54300.00,54200.00,54900.00,53600.00,29380000
1/7/2021,53300.00,52900.00,53500.00,52100.00,19330000
30/06/2021,52700.00,53400.00,53800.00,52600.00,11460000
29/06/2021,53500.00,53600.00,53800.00,52800.00,16060000
28/06/2021,53600.00,52500.00,54000.00,52200.00,25720000
25/06/2021,51600.00,51000.00,51600.00,50400.00,10950000
24/06/2021,50900.00,51300.00,51700.00,50600.00,10690000
23/06/2021,51100.00,50900.00,52100.00,50600.00,13100000
22/06/2021,50900.00,50800.00,51300.00,50300.00,17220000
21/06/2021,50400.00,50500.00,51000.00,50000.00,14920000
18/06/2021,51000.00,51000.00,51400.00,50600.00,9960000
17/06/2021,50200.00,49500.00,50800.00,49500.00,18680000
16/06/2021,50700.00,51500.00,52200.00,50500.00,20580000
15/06/2021,52300.00,52600.00,53200.00,52000.00,19610000
14/06/2021,52700.00,52700.00,53300.00,52000.00,16830000
11/6/2021,52600.00,50500.00,53200.00,50100.00,29600000
10/6/2021,50100.00,50800.00,51200.00,50000.00,10940000
9/6/2021,50800.00,49700.00,51100.00,49000.00,22400000
8/6/2021,49500.00,52300.00,52900.00,49000.00,25300000
7/6/2021,52400.00,53000.00,54400.00,51000.00,20390000
4/6/2021,54600.00,54800.00,55200.00,54000.00,13370000
3/6/2021,54800.00,53300.00,55100.00,52800.00,23740000
2/6/2021,52800.00,52900.00,53300.00,51800.00,24560000
1/6/2021,53100.00,54100.00,54300.00,53000.00,12360000
31/05/2021,53700.00,53200.00,53700.00,52200.00,17050000
28/05/2021,53000.00,51700.00,53300.00,51200.00,20000000
27/05/2021,51400.00,53200.00,53500.00,50800.00,15940000
26/05/2021,52800.00,51600.00,53000.00,51200.00,16510000
25/05/2021,51600.00,51200.00,52100.00,51200.00,10560000
24/05/2021,50900.00,50700.00,51200.00,50400.00,14670000
21/05/2021,50800.00,50000.00,51700.00,49850.00,18850000
20/05/2021,50200.00,50700.00,50800.00,49900.00,13170000
19/05/2021,50100.00,48400.00,50200.00,48400.00,17470000
18/05/2021,48350.00,47700.00,48900.00,47550.00,16910000
17/05/2021,47850.00,48750.00,49100.00,47600.00,17120000
14/05/2021,48650.00,48900.00,48950.00,48150.00,13910000
13/05/2021,48000.00,48950.00,49850.00,48000.00,18050000
12/5/2021,49250.00,46700.00,49250.00,46700.00,23550000
11/5/2021,47000.00,48100.00,48250.00,47000.00,16020000
10/5/2021,48100.00,46700.00,48400.00,46700.00,19610000
7/5/2021,47050.00,46800.00,47800.00,46400.00,22030000
6/5/2021,47100.00,45100.00,47450.00,45050.00,26770000
5/5/2021,45950.00,44400.00,46400.00,44350.00,28210000
4/5/2021,43400.00,40300.00,43400.00,40100.00,31750000
29/04/2021,41000.00,40050.00,41750.00,39950.00,17970000
28/04/2021,39950.00,39500.00,40400.00,39500.00,6070000
27/04/2021,39500.00,39450.00,40100.00,39350.00,7370000
26/04/2021,39450.00,40500.00,40800.00,39450.00,12160000
23/04/2021,40500.00,39750.00,40550.00,39100.00,10600000
22/04/2021,39700.00,40700.00,41100.00,39700.00,8350000
20/04/2021,41150.00,41550.00,41900.00,40800.00,11230000
19/04/2021,41600.00,40800.00,41700.00,40000.00,11230000
16/04/2021,40450.00,40800.00,41200.00,39600.00,15490000
15/04/2021,40900.00,41950.00,41950.00,40900.00,14750000
14/04/2021,41800.00,41100.00,41950.00,40900.00,9750000
13/04/2021,41600.00,42500.00,42500.00,41500.00,15100000
12/4/2021,42150.00,42000.00,42300.00,41600.00,14990000
9/4/2021,41600.00,41700.00,42000.00,41500.00,8020000
8/4/2021,41950.00,42400.00,42450.00,41700.00,7520000
7/4/2021,42200.00,42000.00,42550.00,41800.00,7730000
6/4/2021,42200.00,41450.00,42500.00,41100.00,14960000
5/4/2021,41500.00,41700.00,41800.00,41150.00,11030000
2/4/2021,41250.00,41600.00,41800.00,41200.00,8260000
1/4/2021,41000.00,40500.00,41000.00,40250.00,11070000
31/03/2021,40400.00,40200.00,40950.00,40050.00,10300000
30/03/2021,40050.00,39700.00,40400.00,39450.00,10770000
29/03/2021,39550.00,39700.00,39750.00,39150.00,8380000
26/03/2021,39400.00,39150.00,39650.00,38400.00,10190000
25/03/2021,39350.00,39400.00,39800.00,39200.00,10420000
24/03/2021,39300.00,39800.00,40450.00,39300.00,13790000
23/03/2021,40450.00,41100.00,41400.00,40400.00,13000000
22/03/2021,41300.00,42000.00,42000.00,41150.00,10550000
19/03/2021,42000.00,41500.00,42150.00,41500.00,7410000
18/03/2021,41950.00,41200.00,41950.00,40700.00,16410000
17/03/2021,40300.00,40000.00,40400.00,39700.00,9540000
16/03/2021,39850.00,40100.00,40200.00,39300.00,11580000
15/03/2021,40100.00,40200.00,40500.00,39900.00,8640000
12/3/2021,40050.00,40400.00,40500.00,39750.00,8050000
11/3/2021,40150.00,39700.00,40500.00,39450.00,15370000
10/3/2021,39300.00,39000.00,39400.00,38500.00,9050000
9/3/2021,38950.00,38600.00,39300.00,38200.00,10590000
8/3/2021,38850.00,39500.00,39700.00,38500.00,10810000
5/3/2021,39200.00,38900.00,39350.00,38300.00,11170000
4/3/2021,39050.00,40400.00,40500.00,38600.00,16230000
3/3/2021,40350.00,40350.00,40500.00,40000.00,8440000
2/3/2021,40300.00,40700.00,40750.00,40000.00,8580000
1/3/2021,40200.00,39700.00,40250.00,39300.00,12620000
26/02/2021,39250.00,38300.00,39350.00,38300.00,15270000
25/02/2021,39100.00,39500.00,39500.00,38500.00,16440000
24/02/2021,39100.00,40200.00,40200.00,38900.00,14400000
23/02/2021,39800.00,38800.00,40350.00,38800.00,26380000
22/02/2021,38600.00,38650.00,38850.00,38000.00,14470000
19/02/2021,38700.00,38200.00,39100.00,38200.00,12800000
18/02/2021,38900.00,38500.00,39200.00,38000.00,15790000
17/02/2021,38400.00,36900.00,38400.00,36500.00,21130000
9/2/2021,36000.00,35200.00,36400.00,34700.00,16740000
8/2/2021,35000.00,36300.00,36500.00,34000.00,21270000
5/2/2021,36300.00,35300.00,36300.00,35100.00,14360000
4/2/2021,35000.00,35000.00,35600.00,34600.00,14140000
3/2/2021,35000.00,34500.00,35500.00,34000.00,18240000
2/2/2021,34000.00,32200.00,34100.00,31950.00,13500000
1/2/2021,32200.00,32000.00,33500.00,31550.00,15150000
29/01/2021,32000.00,29600.00,33350.00,29600.00,27420000
28/01/2021,31200.00,31500.00,33000.00,31200.00,27120000
27/01/2021,33500.00,34250.00,35250.00,32650.00,18780000
26/01/2021,35000.00,35500.00,35800.00,33500.00,18110000
25/01/2021,35800.00,35750.00,36350.00,35600.00,15640000
22/01/2021,36300.00,36450.00,36900.00,35800.00,12350000
21/01/2021,36200.00,35250.00,36200.00,34500.00,14250000
20/01/2021,34500.00,34200.00,34750.00,32000.00,25770000
19/01/2021,33900.00,35900.00,36400.00,33700.00,22800000
18/01/2021,36200.00,37200.00,37200.00,35900.00,13380000
15/01/2021,36850.00,36300.00,37550.00,36250.00,17360000
14/01/2021,35750.00,35350.00,35800.00,34850.00,12000000
13/01/2021,35150.00,35450.00,36000.00,35100.00,11400000
12/1/2021,35100.00,35000.00,35500.00,34500.00,16420000
11/1/2021,35250.00,35750.00,36250.00,35200.00,13980000
8/1/2021,35700.00,35000.00,36250.00,34900.00,16950000
7/1/2021,34600.00,33750.00,34600.00,33400.00,16390000
6/1/2021,33200.00,33200.00,34100.00,32950.00,20220000
5/1/2021,33050.00,32750.00,33350.00,32550.00,14280000
4/1/2021,33000.00,32000.00,33400.00,31900.00,18610000
31/12/2020,31500.00,29950.00,31750.00,29900.00,16490000
30/12/2020,29900.00,29800.00,30550.00,29700.00,16580000
29/12/2020,29750.00,29650.00,29900.00,29500.00,12910000
28/12/2020,29700.00,29900.00,30300.00,29500.00,14470000
25/12/2020,29550.00,27950.00,29600.00,27700.00,17110000
24/12/2020,27950.00,28900.00,28900.00,26900.00,26110000
23/12/2020,28700.00,29200.00,29250.00,28500.00,19450000
22/12/2020,29200.00,29150.00,29500.00,29050.00,17110000
21/12/2020,29400.00,29500.00,29900.00,29100.00,22780000
18/12/2020,29200.00,28500.00,29250.00,28500.00,15250000
17/12/2020,28350.00,28000.00,29350.00,27950.00,29800000
16/12/2020,27950.00,26450.00,27950.00,26400.00,29090000
15/12/2020,26150.00,26100.00,26350.00,25950.00,13700000
14/12/2020,26200.00,25900.00,26300.00,25700.00,15690000
11/12/2020,25650.00,25300.00,25650.00,25050.00,14120000
10/12/2020,25300.00,26000.00,26000.00,25300.00,18130000
9/12/2020,25750.00,25100.00,25900.00,25050.00,19000000
8/12/2020,25000.00,25200.00,25200.00,24900.00,14340000
7/12/2020,25050.00,24800.00,25200.00,24800.00,13040000
4/12/2020,24800.00,24850.00,25000.00,24750.00,16510000
3/12/2020,25000.00,25100.00,25500.00,25000.00,17490000
2/12/2020,25100.00,24600.00,25300.00,24600.00,27460000
1/12/2020,24500.00,23800.00,24500.00,23650.00,22800000
30/11/2020,24100.00,23950.00,24400.00,23700.00,24650000
27/11/2020,23700.00,23600.00,23900.00,23550.00,12260000
26/11/2020,23600.00,23650.00,23700.00,23400.00,13090000
25/11/2020,23600.00,23950.00,23950.00,23550.00,13660000
24/11/2020,23650.00,23700.00,24000.00,23400.00,22530000
23/11/2020,23600.00,23400.00,23650.00,23100.00,17860000
20/11/2020,23400.00,23500.00,23500.00,23300.00,13550000
19/11/2020,23400.00,23350.00,23600.00,23200.00,16940000
18/11/2020,23350.00,23300.00,23600.00,23100.00,22760000
17/11/2020,23350.00,23000.00,23350.00,22850.00,17460000
16/11/2020,22900.00,23400.00,23400.00,22800.00,25240000
13/11/2020,23000.00,22400.00,23150.00,22400.00,22380000
12/11/2020,22300.00,22100.00,22300.00,22000.00,10770000
11/11/2020,22000.00,22200.00,22400.00,22000.00,14430000
10/11/2020,22100.00,22500.00,22550.00,22050.00,21220000
9/11/2020,22050.00,21850.00,22200.00,21800.00,17620000
6/11/2020,21600.00,21900.00,22000.00,21500.00,15370000
5/11/2020,21800.00,22150.00,22350.00,21800.00,19770000
4/11/2020,22150.00,22350.00,22600.00,22150.00,21930000
3/11/2020,22000.00,21800.00,22450.00,21650.00,27960000
2/11/2020,21400.00,21600.00,21850.00,21400.00,22940000
30/10/2020,21350.00,22100.00,22250.00,21350.00,28890000
29/10/2020,21800.00,22100.00,22700.00,21800.00,36150000
28/10/2020,22400.00,23300.00,23450.00,22400.00,32090000
27/10/2020,23300.00,23800.00,23950.00,23300.00,30810000
26/10/2020,23350.00,24400.00,24950.00,23350.00,24710000
23/10/2020,24000.00,24100.00,24200.00,23850.00,28290000
22/10/2020,23950.00,23700.00,24000.00,23500.00,24410000
21/10/2020,23750.00,24200.00,24400.00,23700.00,20950000
20/10/2020,23900.00,23000.00,24150.00,23000.00,34660000
19/10/2020,23000.00,22950.00,23350.00,22850.00,28510000
16/10/2020,22650.00,22900.00,23300.00,22600.00,27080000
15/10/2020,22850.00,23450.00,23800.00,22800.00,25320000
14/10/2020,22850.00,21600.00,22850.00,21600.00,48630000
13/10/2020,21400.00,21250.00,21650.00,21200.00,14220000
12/10/2020,21200.00,21700.00,21850.00,21200.00,14200000
9/10/2020,21350.00,21500.00,21950.00,21300.00,13520000
8/10/2020,21350.00,21900.00,22000.00,21350.00,14370000
7/10/2020,21800.00,22300.00,22350.00,21800.00,12160000
6/10/2020,22400.00,22700.00,22750.00,22200.00,6850000
5/10/2020,22550.00,22550.00,22750.00,22250.00,5360000
2/10/2020,22550.00,22900.00,23000.00,22350.00,4380000
1/10/2020,22800.00,22650.00,22900.00,22600.00,3500000
30/09/2020,22600.00,22550.00,22600.00,22300.00,2360000
29/09/2020,22550.00,22900.00,23000.00,22550.00,2970000
28/09/2020,22850.00,22350.00,23000.00,22250.00,2810000
25/09/2020,22400.00,22450.00,22500.00,22250.00,3500000
24/09/2020,22450.00,22250.00,22450.00,22100.00,3990000
23/09/2020,22300.00,22350.00,22500.00,22250.00,2940000
22/09/2020,22350.00,22200.00,22450.00,22050.00,3670000
21/09/2020,22300.00,22000.00,22300.00,22000.00,5870000
18/09/2020,21800.00,21400.00,21800.00,21350.00,5330000
17/09/2020,21300.00,21400.00,21600.00,21250.00,3650000
16/09/2020,21400.00,21350.00,21450.00,21250.00,1260000
15/09/2020,21350.00,21500.00,21550.00,21350.00,1840000
14/09/2020,21500.00,21300.00,21550.00,21300.00,1580000
11/9/2020,21300.00,21250.00,21450.00,21100.00,1240000
10/9/2020,21450.00,21300.00,21600.00,21300.00,1520000
9/9/2020,21200.00,21100.00,21500.00,20950.00,2760000
8/9/2020,21500.00,21350.00,21500.00,21050.00,1940000
7/9/2020,21200.00,21850.00,21950.00,21200.00,2350000
4/9/2020,21850.00,21700.00,21900.00,21700.00,2280000
3/9/2020,22000.00,21750.00,22100.00,21700.00,3330000
1/9/2020,21700.00,21300.00,21700.00,21100.00,2170000
31/08/2020,21300.00,21600.00,21800.00,21250.00,1790000
28/08/2020,21600.00,21300.00,21850.00,21250.00,5150000
27/08/2020,21150.00,21100.00,21200.00,21000.00,1790000
26/08/2020,21100.00,21200.00,21300.00,21000.00,2120000
25/08/2020,21300.00,21000.00,21400.00,21000.00,3780000
24/08/2020,20950.00,20750.00,21000.00,20500.00,2750000
21/08/2020,20350.00,20100.00,20400.00,20100.00,2820000
20/08/2020,20000.00,20200.00,20250.00,19850.00,3660000
19/08/2020,20200.00,20100.00,20250.00,20000.00,1130000
18/08/2020,20050.00,20100.00,20200.00,20000.00,1410000
17/08/2020,20100.00,19750.00,20150.00,19750.00,2730000
14/08/2020,19800.00,19800.00,20200.00,19650.00,2590000
13/08/2020,19800.00,19750.00,19850.00,19600.00,1580000
12/8/2020,19650.00,19450.00,19700.00,19450.00,1630000
11/8/2020,19450.00,19550.00,19550.00,19300.00,1330000
10/8/2020,19400.00,19300.00,19700.00,19300.00,2740000
7/8/2020,19150.00,19300.00,19350.00,19050.00,951190
6/8/2020,19200.00,19400.00,19500.00,19100.00,1860000
5/8/2020,19450.00,18900.00,19450.00,18700.00,1920000
4/8/2020,18850.00,18900.00,19100.00,18750.00,1210000
3/8/2020,18600.00,18250.00,18600.00,18150.00,1250000
31/07/2020,18150.00,18200.00,18650.00,18150.00,2300000
30/07/2020,18600.00,18200.00,19000.00,17500.00,974910
29/07/2020,18150.00,18300.00,18400.00,17500.00,1840000
28/07/2020,18750.00,18200.00,18800.00,18000.00,2880000
27/07/2020,18150.00,19100.00,19200.00,18150.00,2680000
24/07/2020,19500.00,20300.00,20300.00,19000.00,2950000
23/07/2020,20300.00,20200.00,20300.00,20100.00,861140
22/07/2020,20250.00,20600.00,20600.00,20250.00,1220000
21/07/2020,20500.00,20500.00,20550.00,20300.00,818210
20/07/2020,20500.00,20500.00,20650.00,20450.00,1160000
17/07/2020,20600.00,20700.00,20800.00,20550.00,1180000
16/07/2020,21000.00,20600.00,21000.00,20400.00,1660000
15/07/2020,20600.00,20300.00,20750.00,20300.00,1700000
14/07/2020,20100.00,20200.00,20300.00,20000.00,1810000
13/07/2020,20300.00,20800.00,20800.00,20000.00,1730000
10/7/2020,20450.00,20850.00,20950.00,20450.00,1400000
9/7/2020,20950.00,20250.00,20950.00,20100.00,3150000
8/7/2020,20100.00,20200.00,20250.00,20100.00,676840
7/7/2020,20250.00,20300.00,20400.00,20200.00,895150
6/7/2020,20250.00,19800.00,20250.00,19800.00,1220000
3/7/2020,19800.00,19750.00,19800.00,19550.00,593390
2/7/2020,19750.00,19950.00,19950.00,19500.00,820250
1/7/2020,19800.00,19500.00,19900.00,19450.00,751460
30/06/2020,19550.00,19750.00,19900.00,19100.00,1290000
29/06/2020,19650.00,20000.00,20100.00,19600.00,1750000
26/06/2020,20350.00,20500.00,20500.00,20150.00,668030
25/06/2020,20200.00,20200.00,20400.00,20100.00,1160000
24/06/2020,20500.00,20700.00,20750.00,20400.00,860730
23/06/2020,20650.00,20750.00,20800.00,20600.00,1170000
22/06/2020,20750.00,20950.00,20950.00,20500.00,1170000
19/06/2020,20500.00,20200.00,20500.00,20200.00,632650
18/06/2020,20200.00,20300.00,20450.00,20200.00,625890
17/06/2020,20300.00,20600.00,20600.00,20250.00,1420000
16/06/2020,20600.00,20500.00,20600.00,20300.00,1490000
15/06/2020,20100.00,21100.00,21100.00,20050.00,2300000
12/6/2020,21150.00,20600.00,21250.00,20500.00,3720000
11/6/2020,20900.00,21900.00,21900.00,20900.00,3480000
10/6/2020,21850.00,21350.00,21950.00,21250.00,2300000
9/6/2020,21550.00,21700.00,21800.00,21500.00,1700000
8/6/2020,21700.00,21550.00,21900.00,21550.00,3480000
5/6/2020,21450.00,21250.00,21450.00,21100.00,2250000
4/6/2020,21200.00,21400.00,21450.00,21200.00,2220000
3/6/2020,21350.00,21150.00,21450.00,21150.00,2060000
2/6/2020,21150.00,21500.00,21500.00,21100.00,2470000
1/6/2020,21300.00,20800.00,21300.00,20800.00,2340000
29/05/2020,20700.00,20850.00,20950.00,20700.00,1100000
28/05/2020,20900.00,20900.00,21200.00,20800.00,1580000
27/05/2020,20900.00,21200.00,21400.00,20900.00,2670000
26/05/2020,21150.00,21100.00,21300.00,21000.00,2220000
25/05/2020,21050.00,21100.00,21300.00,20950.00,1960000
22/05/2020,21050.00,21600.00,21600.00,21050.00,3320000
21/05/2020,22000.00,21050.00,22000.00,20850.00,3540000
20/05/2020,21050.00,21000.00,21200.00,20950.00,1910000
19/05/2020,21300.00,21350.00,21400.00,20950.00,4140000
18/05/2020,20650.00,20050.00,20750.00,19900.00,3020000
15/05/2020,20250.00,20600.00,20600.00,20000.00,3000000
14/05/2020,20500.00,20400.00,20600.00,20100.00,3350000
13/05/2020,20600.00,20300.00,20700.00,19800.00,4750000
12/5/2020,20600.00,20100.00,20750.00,19600.00,3560000
11/5/2020,20200.00,19500.00,20200.00,19350.00,4770000
8/5/2020,18900.00,17700.00,18900.00,17700.00,7260000
7/5/2020,17700.00,17550.00,17700.00,17450.00,2410000
6/5/2020,17550.00,17550.00,17550.00,17250.00,1180000
5/5/2020,17400.00,17500.00,17600.00,17350.00,546010
4/5/2020,17400.00,17200.00,17700.00,17150.00,2020000
29/04/2020,17200.00,17100.00,17550.00,17000.00,2860000
28/04/2020,17100.00,17150.00,17150.00,16850.00,921180
27/04/2020,17050.00,17100.00,17250.00,17000.00,962880
24/04/2020,17100.00,17100.00,17150.00,16900.00,851770
23/04/2020,16950.00,17200.00,17300.00,16950.00,1400000
22/04/2020,16900.00,16250.00,17200.00,16250.00,1740000
21/04/2020,16850.00,17300.00,17400.00,16700.00,3050000
20/04/2020,17700.00,17900.00,17950.00,17500.00,1850000
17/04/2020,17750.00,17800.00,17850.00,17500.00,2250000
16/04/2020,17550.00,17500.00,17550.00,17200.00,1860000
15/04/2020,17550.00,17300.00,17550.00,17200.00,2540000
14/04/2020,17150.00,17350.00,17350.00,16900.00,1450000
13/04/2020,17200.00,16750.00,17600.00,16750.00,2560000
10/4/2020,16750.00,16700.00,16950.00,16650.00,1500000
9/4/2020,16900.00,17100.00,17150.00,16850.00,2200000
8/4/2020,16700.00,16800.00,16800.00,16300.00,1410000
7/4/2020,16950.00,17000.00,17200.00,16800.00,2420000
6/4/2020,16950.00,16200.00,16950.00,16100.00,2970000
3/4/2020,15850.00,15500.00,15950.00,15500.00,1430000
1/4/2020,15500.00,15000.00,15600.00,14350.00,1320000
31/03/2020,15000.00,15000.00,15500.00,14000.00,1580000
30/03/2020,14900.00,15100.00,15500.00,14900.00,3360000
25/03/2020,16600.00,16500.00,16700.00,16300.00,2950000
24/03/2020,16100.00,16500.00,16500.00,16000.00,3210000
23/03/2020,16150.00,16200.00,17000.00,16150.00,3270000
20/03/2020,17350.00,17450.00,17500.00,17150.00,1880000
19/03/2020,17250.00,17600.00,17800.00,17150.00,2210000
