"tradingdate","open","high","low","close"
2018-02-01,1098.3000,1098.3000,1076.0900,1086.9000
2018-02-02,1087.2400,1090.4000,1075.9000,1090.4000
2018-02-05,1081.7000,1090.4000,1035.0200,1035.0200
2018-02-06,1013.7000,1035.0200,969.0100,1007.7200
2018-02-07,1034.7600,1040.2300,1007.7200,1030.9100
2018-02-08,1024.1300,1031.9800,1013.5600,1013.5600
2018-02-09,983.6000,1013.5600,966.7800,996.7700
2018-02-12,1001.7000,1034.7600,996.7700,1034.7600
2018-02-13,1044.2600,1055.8600,1034.7600,1054.0900
2018-02-21,1064.5500,1081.8200,1054.0900,1075.4700
2018-02-22,1068.8400,1081.8200,1054.0900,1073.9900
2018-02-23,1073.5600,1089.9600,1064.2800,1089.9600
2018-02-26,1101.6600,1113.0100,1089.9600,1099.7100
2018-02-27,1108.8700,1110.1100,1094.1700,1106.0900
2018-02-28,1096.3000,1113.5900,1095.9800,1110.3300
2018-03-01,1106.0300,1116.7900,1098.5100,1105.8400
2018-03-02,1095.3100,1109.5100,1092.1800,1106.9200
2018-03-05,1113.7100,1116.8000,1080.8300,1080.8300
2018-03-06,1091.9800,1103.3100,1075.7800,1103.3100
2018-03-07,1102.8500,1106.8900,1084.5300,1092.1700
2018-03-08,1092.2900,1109.2900,1091.7000,1105.0300
2018-03-09,1107.8300,1117.9000,1102.0700,1106.5400
2018-03-12,1113.4200,1116.1600,1105.2400,1106.9700
2018-03-13,1106.9200,1112.6000,1098.7500,1111.3800
2018-03-14,1112.3700,1121.3100,1111.3800,1115.0000
2018-03-15,1114.6900,1115.0000,1105.2800,1110.2600
2018-03-16,1112.2300,1118.1200,1110.2400,1112.9300
2018-03-19,1122.9800,1134.5200,1112.9300,1130.2600
2018-03-20,1126.6400,1139.2300,1126.6400,1134.1900
2018-03-21,1137.4000,1148.5800,1134.1900,1147.2600
2018-03-22,1150.4400,1159.1000,1144.4900,1144.5800
2018-03-23,1144.5800,1144.5800,1113.7700,1128.9300
2018-03-26,1126.0400,1151.1800,1125.0300,1146.7300
2018-03-27,1160.1000,1161.6000,1146.7300,1150.3000
2018-03-28,1150.3300,1158.4200,1144.8200,1151.0900
2018-03-29,1151.6500,1155.5800,1142.2200,1144.7400
2018-03-30,1146.2300,1154.4600,1136.2800,1153.0800
2018-04-02,1153.1100,1174.0000,1153.0800,1171.2100
2018-04-03,1171.8900,1173.1300,1156.9100,1160.9700
2018-04-04,1161.7900,1176.2200,1160.9700,1165.7500
2018-04-05,1165.7500,1175.2900,1163.9000,1169.1200
2018-04-06,1170.3000,1180.2700,1169.1200,1174.3700
2018-04-09,1175.4500,1181.4300,1169.6000,1177.6800
2018-04-10,1177.6800,1184.4500,1162.1400,1168.0600
2018-04-11,1169.5100,1171.9300,1137.2000,1137.2000
2018-04-12,1136.7600,1143.5000,1121.4900,1143.5000
2018-04-13,1149.8200,1153.7400,1131.6100,1134.2100
2018-04-16,1133.5000,1136.6500,1122.4900,1128.0300
2018-04-17,1128.1100,1136.0100,1119.8200,1130.3200
2018-04-18,1134.4000,1136.0400,1115.7000,1115.7000
2018-04-19,1114.9800,1115.7000,1066.0900,1066.0900
2018-04-20,1067.1100,1089.4500,1047.7600,1089.4500
2018-04-23,1091.1800,1098.1700,1055.3700,1055.3700
2018-04-24,1045.4400,1060.1400,1027.7500,1053.9900
2018-04-26,1053.7500,1055.6400,1011.6000,1018.9700
2018-04-27,1012.8800,1029.3400,1007.3900,1027.9700
2018-05-02,1032.5600,1032.5600,1011.0900,1012.8400
2018-05-03,1007.7600,1012.8400,989.2800,1010.3500
2018-05-04,1018.5400,1022.9800,1007.0400,1010.8900
2018-05-07,1010.8900,1048.0300,1010.8900,1048.0300
2018-05-08,1047.9600,1059.6800,1043.0700,1047.8300
2018-05-09,1047.8300,1057.6800,1037.1900,1046.3900
2018-05-10,1046.3900,1047.4700,1009.7900,1019.6900
2018-05-11,1019.6900,1030.7900,1003.4700,1030.7900
2018-05-14,1030.7900,1051.4500,1030.0700,1051.4500
2018-05-15,1051.4500,1067.2200,1051.4500,1055.4900
2018-05-16,1055.4900,1055.4900,1031.9300,1034.3000
2018-05-17,1034.3000,1035.4500,1007.0900,1007.0900
2018-05-18,1007.0900,1023.1300,989.5100,1022.2100
2018-05-21,1022.2100,1027.6300,997.2100,997.2100
2018-05-22,997.2100,997.2100,947.9900,958.9500
2018-05-23,958.9500,972.9800,945.0500,968.5400
2018-05-24,968.5400,973.9500,951.3400,960.5500
2018-05-25,960.5500,960.5500,936.3200,936.3200
2018-05-28,936.3200,936.3200,894.6700,898.0000
2018-05-29,898.0000,932.7500,881.9100,924.9000
2018-05-30,924.9000,925.1800,902.0000,918.6400
2018-05-31,918.6400,949.9300,914.6700,947.3100
2018-06-01,947.3100,970.6700,947.3100,969.1500
2018-06-04,969.1500,996.8200,969.1500,996.6700
2018-06-05,996.6700,1008.4900,996.6700,1007.3200
2018-06-06,1007.3200,1022.7300,995.5500,1022.7200
2018-06-07,1022.7200,1034.5900,1021.0700,1026.7500
2018-06-08,1026.7500,1028.3000,1017.9000,1025.8700
2018-06-11,1025.8700,1034.8300,1016.5800,1024.8500
2018-06-12,1024.8500,1024.8500,989.5300,1008.7600
2018-06-13,1008.7600,1018.5900,1006.3200,1018.5900
2018-06-14,1018.5900,1022.8000,1004.3100,1004.3100
2018-06-15,1004.3100,1005.6800,994.4900,1005.0400
2018-06-18,1001.7900,1006.5300,970.3500,970.3500
2018-06-19,970.3500,970.3500,919.2600,945.1100
2018-06-20,945.1100,966.8600,937.1600,966.8600
2018-06-21,966.8600,966.9100,950.4600,955.7500
2018-06-22,955.7500,973.0500,945.8500,973.0500
2018-06-25,973.0500,988.6200,973.0500,982.0900
2018-06-26,982.0900,982.0900,959.2900,973.9000
2018-06-27,973.9000,976.6300,961.2900,961.2900
2018-06-28,961.2900,967.0000,943.7100,947.0300
2018-06-29,947.0300,951.3200,940.1500,947.5500
2018-07-02,947.5500,947.5500,917.8000,930.1200
2018-07-03,930.1200,931.0000,891.9700,891.9700
2018-07-04,891.9700,901.1600,880.5300,900.8900
2018-07-05,900.8900,905.4500,875.4200,883.7700
2018-07-06,880.1700,910.0600,870.4900,905.6200
2018-07-09,913.1600,916.6700,897.2200,898.7300
2018-07-10,901.7700,906.2100,897.9600,897.9600
2018-07-11,884.3100,886.9100,871.2900,881.1400
2018-07-12,879.3300,893.0600,870.5900,883.8700
2018-07-13,891.9300,902.1100,887.5800,899.4500
2018-07-16,901.6800,910.7600,897.1600,904.1800
2018-07-17,903.8700,915.5300,892.3900,915.5300
2018-07-18,915.6900,935.4200,915.6900,935.4200
2018-07-19,935.6200,946.3100,934.4100,941.0900
2018-07-20,941.0900,941.4100,926.5000,926.5000
2018-07-23,927.0100,944.9200,926.5600,932.1700
2018-07-24,931.7000,932.5800,916.1900,923.5300
2018-07-25,923.5500,931.4700,915.6800,915.6800
2018-07-26,916.2100,921.3300,907.8400,921.3300
2018-07-27,923.0200,930.1300,918.4800,927.1900
2018-07-30,931.1300,940.2200,931.1300,939.6000
2018-07-31,936.7600,948.1400,934.7500,944.3800
2018-08-01,944.3100,946.8600,935.8500,939.3100
2018-08-02,938.1100,938.5600,924.3800,937.8600
2018-08-03,938.5100,949.8100,938.5100,941.1200
2018-08-06,941.1300,943.9300,935.8800,939.8400
2018-08-07,939.8100,941.5100,933.8400,936.9200
2018-08-08,938.7800,945.9600,938.1800,945.8900
2018-08-09,949.2500,954.1000,942.8400,943.9100
2018-08-10,937.8200,948.3200,936.4400,948.3200
2018-08-13,946.7500,960.0200,942.1700,960.0200
2018-08-14,960.2900,968.3500,959.3200,965.6000
2018-08-15,965.6100,969.8000,947.8200,947.8200
2018-08-16,942.5300,950.1800,932.8400,950.1800
2018-08-17,950.1800,959.3900,949.2300,949.2300
2018-08-20,949.2300,952.1200,942.3300,945.6500
2018-08-21,945.2600,955.2700,944.9000,955.2700
2018-08-22,956.0000,962.9000,956.0000,959.6300
2018-08-23,959.9500,963.7700,958.0500,960.9400
2018-08-24,959.5200,963.0900,955.3800,960.4200
2018-08-27,960.4300,969.8100,960.4300,966.5500
2018-08-28,968.5200,971.9200,966.5500,971.0100
2018-08-29,971.4000,972.0200,964.1700,964.9900
2018-08-30,964.5500,975.4300,960.9300,975.4300
2018-08-31,975.1100,978.8000,969.2300,969.2300
2018-09-04,969.2300,978.8000,951.1400,951.1400
2018-09-05,949.5400,953.3600,938.7900,941.0000
2018-09-06,941.2100,944.5300,932.1200,932.1200
2018-09-07,932.1000,945.5900,931.7900,945.5900
2018-09-10,946.0500,948.1400,942.7500,943.3100
2018-09-11,942.5500,958.9100,941.0700,958.9100
2018-09-12,963.1600,967.6400,958.6700,958.6700
2018-09-13,959.9000,963.7200,955.6400,957.1700
2018-09-14,958.0100,965.2000,958.0100,960.3300
2018-09-17,959.1500,960.8600,951.6700,953.7900
2018-09-18,953.4500,959.7500,946.0600,959.7500
2018-09-19,960.0100,969.3400,960.0100,962.7000
2018-09-20,962.8200,971.1800,962.8200,971.1800
2018-09-21,971.8000,978.4300,968.9400,974.4300
2018-09-24,975.3500,986.3000,975.3500,985.5900
2018-09-25,985.5700,988.1600,980.5800,985.1100
2018-09-26,982.9300,989.4000,980.8700,984.3900
2018-09-27,985.2800,991.5600,984.3600,989.4500
2018-09-28,993.0200,996.5200,990.5900,994.7300
2018-10-01,994.7600,1000.5700,990.1600,990.4100
2018-10-02,988.7000,992.5100,984.5800,987.8800
2018-10-03,989.2000,992.8200,986.3800,990.6000
2018-10-04,990.4900,993.6600,989.1300,993.6100
2018-10-05,993.6100,993.6100,980.7500,980.7500
2018-10-08,979.2700,979.2700,968.9000,970.2800
2018-10-09,971.2600,974.1600,966.6800,967.3700
2018-10-10,967.3700,970.3600,961.7900,966.2700
2018-10-11,948.0200,948.0200,912.0200,920.0200
2018-10-12,915.8700,943.4900,909.0400,943.4900
2018-10-15,964.5500,943.5100,927.7500,928.5500
2018-10-16,928.4600,939.4100,927.1000,939.4100
2018-10-17,940.2900,949.2600,940.2900,945.9100
2018-10-18,944.2900,945.0800,936.5800,937.5400
2018-10-19,925.6600,932.5600,920.2900,931.6900
2018-10-22,933.9800,937.9800,922.7500,922.7500
2018-10-23,919.0200,919.0900,893.8600,908.0000
2018-10-24,908.0000,909.3500,896.5000,896.5000
2018-10-25,864.3200,889.7300,860.1300,888.8600
2018-10-26,897.2100,897.2100,881.0600,881.0600
2018-10-29,878.3500,881.6300,870.6800,874.4300
2018-10-30,869.2800,881.6500,868.9100,874.0600
2018-10-31,874.0600,901.5700,874.0600,901.5700
2018-11-01,874.0600,901.5700,874.0600,887.7200
2018-11-02,874.0600,905.5500,874.0600,903.4300
2018-11-05,903.2400,904.8300,895.0500,904.8300
2018-11-06,909.1900,909.1900,899.6100,899.6100
2018-11-07,901.5900,903.0100,892.8800,899.2500
2018-11-08,906.3100,909.6900,899.7000,900.4000
2018-11-09,900.1400,900.1400,885.6500,885.6500
2018-11-12,881.0800,888.8100,875.2900,888.2000
2018-11-13,875.5700,879.2900,874.7000,875.7300
2018-11-14,874.0700,880.2100,868.7400,871.5500
2018-11-15,871.7800,874.7800,859.8600,864.9800
2018-11-16,866.9400,874.8200,864.0000,869.2400
2018-11-19,869.2400,888.7600,869.2400,888.7600
2018-11-20,885.0000,893.0900,884.3400,893.0900
2018-11-21,883.3100,897.1000,881.6800,897.1000
2018-11-22,899.2000,900.7000,896.1800,898.9000
2018-11-23,897.5700,899.3000,889.7800,890.6200
2018-11-26,889.6200,896.0000,886.9100,895.0500
2018-11-27,896.9300,903.4500,893.9800,895.3000
2018-11-28,894.5200,901.4000,894.3000,901.4000
2018-11-29,901.4800,910.4300,897.5800,897.5800
2018-11-30,897.4800,898.6400,890.5400,894.7900
2018-12-03,896.5000,921.7200,896.5000,921.7200
2018-12-04,921.7400,929.0300,920.3700,927.4600
2018-12-05,927.3900,928.8300,915.9000,925.6800
2018-12-06,922.0700,928.3100,916.7800,922.8600
2018-12-07,924.8200,933.2400,924.1200,929.5900
2018-12-10,928.9600,928.9600,921.8000,922.8200
2018-12-11,922.5800,925.3500,915.9100,922.3400
2018-12-12,922.4100,927.7000,922.4100,927.7000
2018-12-13,928.2100,935.3200,928.1700,928.9000
2018-12-14,928.0600,928.3900,918.2200,918.7900
2018-12-17,914.0200,914.0200,901.4100,901.4100
2018-12-18,887.0900,894.1400,882.1400,890.6800
2018-12-19,889.9300,891.6900,878.1000,882.7900
2018-12-20,880.4000,883.7400,876.1500,877.0300
2018-12-21,870.4200,876.3000,867.1900,873.0900
2018-12-24,870.4200,879.7200,867.1900,873.6400
2018-12-25,870.4200,879.7200,850.5200,865.6900
2018-12-26,870.4200,879.7200,850.5200,861.0200
2018-12-27,870.4200,879.7200,850.5200,865.4500
2018-12-28,870.4200,872.6200,854.9900,854.9900
2019-01-02,870.4200,872.6200,853.5900,855.6600
2019-01-03,855.2000,856.2000,834.8100,838.7900
2019-01-04,836.6000,842.0200,822.3200,840.1700
2019-01-07,843.9500,858.5800,843.9500,851.4100
2019-01-08,852.5100,852.9100,841.8800,845.4300
2019-01-09,847.5800,856.8700,845.2500,855.5100
2019-01-10,855.5700,859.9000,853.0700,857.9500
2019-01-11,857.8400,862.8800,857.8400,860.3000
2019-01-14,859.8300,860.0200,854.8800,859.4200
2019-01-15,859.1500,865.2000,856.0400,865.1000
2019-01-16,865.1000,868.3800,861.1800,864.2900
2019-01-17,864.0600,864.1400,853.3400,853.3400
2019-01-18,855.5000,859.9500,853.7300,854.7900
2019-01-21,856.6800,865.4600,856.4400,864.1000
2019-01-22,864.4500,865.7600,859.1700,859.1700
2019-01-23,858.0000,864.8300,857.1000,861.7600
2019-01-24,861.0400,866.3500,861.0400,865.5200
2019-01-25,865.9400,869.5300,865.7200,867.7000
2019-01-28,867.6000,871.5600,865.9500,868.7600
2019-01-29,870.4800,872.0300,863.2300,872.0300
2019-01-30,871.1800,871.7200,867.9200,869.1600
2019-01-31,873.0500,874.0000,864.6600,866.0600
2019-02-01,867.6100,867.9800,859.3800,859.8100
2019-02-11,862.2000,878.6700,862.2000,878.6700
2019-02-12,881.7000,890.1400,879.3200,888.3300
2019-02-13,888.6300,897.4200,888.3800,897.4200
2019-02-14,897.5200,904.1100,897.5200,900.1200
2019-02-15,900.1400,903.0900,895.2000,897.7400
2019-02-18,900.6000,904.9300,899.7600,904.9300
2019-02-19,907.2100,915.3000,906.8500,907.8200
2019-02-20,907.3400,913.5100,906.7500,911.8000
2019-02-21,912.3200,926.0900,911.5400,926.0900
2019-02-22,920.9100,934.3500,920.7800,929.5000
2019-02-25,929.5700,943.9700,929.5700,939.4700
2019-02-26,937.1400,941.4100,923.1600,929.5100
2019-02-27,931.7400,935.4200,928.5900,930.5400
2019-02-28,930.4900,930.4900,904.9800,904.9800
2019-03-01,908.8500,915.4700,908.2900,915.3200
2019-03-04,916.2700,929.2800,916.2700,928.4200
2019-03-05,926.4700,931.2300,922.0900,923.6600
2019-03-06,923.6600,926.3100,916.8900,923.5800
2019-03-07,923.7700,930.7900,922.2900,922.2900
2019-03-08,922.1600,922.1600,913.4300,914.7400
2019-03-11,915.0000,918.5000,911.8800,916.2400
2019-03-12,921.0200,929.8600,920.1200,929.8600
2019-03-13,929.8600,939.0900,929.8600,935.4100
2019-03-14,935.4100,937.7200,931.3600,935.6200
2019-03-15,932.4800,932.5500,924.6700,927.0600
2019-03-18,929.1600,935.0900,929.1600,932.7500
2019-03-19,933.5600,935.6300,924.9100,927.5600
2019-03-20,926.1600,926.1600,914.8700,924.1200
2019-03-21,924.7100,928.2800,907.8700,907.8700
2019-03-22,910.5100,914.5800,906.6400,912.2700
2019-03-25,911.5100,911.5100,889.2000,893.4000
2019-03-26,893.7800,901.7200,892.5100,894.5800
2019-03-27,899.3500,903.3500,896.5800,901.7600
2019-03-28,899.0800,903.8400,898.1800,901.6500
2019-03-29,901.6500,906.8200,900.1300,900.1300
2019-04-01,901.0000,905.8700,901.0000,905.8700
2019-04-02,911.0400,912.8600,902.7400,903.5900
2019-04-03,903.5900,903.5900,897.7500,901.5000
2019-04-04,902.0700,906.2000,901.0300,904.3300
2019-04-05,904.1100,905.6700,902.7700,904.6900
2019-04-08,904.9200,907.1400,901.2200,906.5500
2019-04-09,908.5900,908.7900,899.5900,900.0700
2019-04-10,896.0800,898.9400,887.7900,893.1900
2019-04-11,895.0000,896.6700,892.6200,896.0400
2019-04-12,895.9500,895.9500,891.7100,893.1000
2019-04-16,893.1000,893.1000,877.7600,887.7600
2019-04-17,889.6700,891.6300,885.6400,885.6600
2019-04-18,884.1800,887.4400,877.0200,877.0200
2019-04-19,881.9100,884.7500,879.6200,880.5200
2019-04-22,880.9000,880.9000,873.7000,878.2300
2019-04-23,876.2000,881.5400,875.1200,878.2900
2019-04-24,879.6300,889.0200,879.3700,888.6500
2019-04-25,888.2900,888.2900,883.7200,885.6500
2019-04-26,884.4000,890.6900,882.8700,890.5500
2019-05-02,892.1100,893.8700,889.6100,893.8700
2019-05-03,893.8000,895.6600,889.2000,895.4200
2019-05-06,886.3900,886.3900,875.7100,878.8000
2019-05-07,882.3900,885.1400,876.1800,877.0200
2019-05-08,869.8100,874.7900,867.2100,872.7800
2019-05-09,871.8600,875.7400,868.7900,871.5000
2019-05-10,874.9100,877.5900,872.2700,876.4500
2019-05-13,876.3800,879.6400,874.6800,879.6400
2019-05-14,878.7400,882.6700,876.2900,882.6700
2019-05-15,884.1300,893.6800,884.1300,893.2200
2019-05-16,893.7000,896.2400,891.9300,891.9300
2019-05-17,891.4600,893.4400,888.6000,890.5300
2019-05-20,896.9800,901.0600,896.5700,901.0600
2019-05-21,903.2300,907.6400,901.0900,901.3600
2019-05-22,901.9400,906.9100,897.5700,897.6600
2019-05-23,895.5800,899.0200,892.2300,895.0700
2019-05-24,889.5100,898.2400,884.4800,884.4800
2019-05-27,884.1000,889.3100,884.1000,889.2000
2019-05-28,889.5700,891.6100,883.5600,885.2700
2019-05-29,885.8100,886.8900,882.1000,883.5200
2019-05-30,883.1300,888.6500,879.7600,883.3700
2019-05-31,883.5300,884.7500,875.7700,876.2900
2019-06-03,875.6400,875.6400,860.9100,864.0800
2019-06-04,864.4300,868.6600,858.0800,864.3500
2019-06-05,870.2200,871.8300,863.6900,863.6900
2019-06-06,863.8900,865.0400,851.6500,861.3100
2019-06-07,863.1500,869.5600,862.8400,869.5600
2019-06-10,874.7000,877.3800,866.9400,872.4900
2019-06-11,872.5800,874.2400,870.1400,870.9100
2019-06-12,870.4900,871.6400,865.4200,865.4200
2019-06-13,863.8500,864.4400,857.8600,859.6800
2019-06-14,859.4100,864.2800,859.4100,861.6500
2019-06-17,860.7400,862.1500,851.5900,852.9900
2019-06-18,852.6200,853.8700,845.7500,848.1700
2019-06-19,851.9200,854.4900,851.0700,854.3400
2019-06-20,854.9000,867.9100,853.9600,864.5900
2019-06-21,864.5900,870.3500,864.4400,866.5300
2019-06-24,854.2100,873.3300,868.2100,868.9400
2019-06-25,854.2100,870.2200,866.3000,868.5000
2019-06-26,854.2100,870.3200,866.6000,866.8100
2019-06-27,854.2100,865.8800,854.4100,854.4100
2019-06-28,854.2100,864.2400,848.5300,864.2400
2019-07-01,854.2100,876.2800,867.8600,876.2600
2019-07-02,876.4400,877.0200,870.7900,872.9200
2019-07-03,872.9200,872.9200,865.8400,869.5800
2019-07-04,869.5800,879.7200,869.5800,879.7200
2019-07-05,879.7400,882.0900,876.4100,880.2300
2019-07-08,877.1200,877.1900,867.3500,870.9200
2019-07-09,869.8200,872.5200,866.3200,872.2100
2019-07-10,872.2000,878.2400,872.2000,876.1200
2019-07-11,879.3100,880.8800,876.8200,879.1000
2019-07-12,881.1000,883.0300,874.9900,874.9900
2019-07-15,881.1000,876.7300,870.9900,873.7100
2019-07-16,873.7400,880.9100,873.7400,880.9100
2019-07-17,880.6900,882.8200,877.5900,879.7500
2019-07-18,879.3500,879.3500,870.8100,870.8100
2019-07-19,870.9700,880.7900,870.9700,880.7900
2019-07-22,880.4900,885.3900,878.5700,879.6200
2019-07-23,879.3300,888.7600,878.2800,888.2600
2019-07-24,888.6300,892.8100,885.7500,887.3900
2019-07-25,887.3900,892.2000,885.1900,890.4100
2019-07-26,889.6700,891.8300,886.2000,887.8400
2019-07-29,889.0000,889.8900,881.1100,888.5400
2019-07-30,888.7000,892.2200,877.9200,877.9200
2019-07-31,876.3200,884.4700,874.4300,883.1900
2019-08-01,883.6000,887.3900,881.5200,887.3900
2019-08-02,880.6500,885.9400,877.8600,885.2900
2019-08-05,882.9100,884.0700,872.3900,872.3900
2019-08-06,870.8200,870.8200,858.0200,866.1300
2019-08-07,866.7600,871.9300,863.7000,868.2700
2019-08-08,868.2600,876.8200,866.7100,875.8100
2019-08-09,875.8100,880.2900,874.5100,878.6200
2019-08-12,879.0300,883.4100,877.3300,882.2300
2019-08-13,882.2300,882.2300,875.3400,877.9700
2019-08-14,880.0400,886.7700,880.0400,880.5100
2019-08-15,869.8500,890.7800,867.9500,890.7800
2019-08-16,890.0000,899.9100,887.2800,892.4400
2019-08-19,894.7900,897.0000,889.3900,891.7800
2019-08-20,891.7300,894.5900,891.0800,894.4500
2019-08-21,893.8300,901.2400,892.0500,900.5400
2019-08-22,901.2800,904.4100,899.7200,901.2900
2019-08-23,901.3700,902.3800,897.0200,900.5300
2019-08-26,899.1000,899.1000,887.1200,892.4800
2019-08-27,892.4800,899.2100,886.9100,886.9100
2019-08-28,887.3600,890.5400,885.3200,886.0800
2019-08-29,885.8400,889.1300,882.2100,889.1300
2019-08-30,889.0400,893.4100,889.0400,892.5100
2019-09-03,892.5100,894.1100,886.7400,888.9700
2019-09-04,888.4800,890.1900,883.9600,887.1200
2019-09-05,887.2100,891.3600,886.1000,886.1000
2019-09-06,885.9000,889.4900,884.9200,885.9500
2019-09-09,885.9500,887.0000,883.4300,885.6100
2019-09-10,886.8300,888.5000,881.1200,883.0400
2019-09-11,882.7700,886.0900,881.3400,885.5200
2019-09-12,887.7600,894.3200,887.7600,894.3200
2019-09-13,895.3400,905.3100,893.8600,905.0500
2019-09-16,905.0000,909.7000,902.9900,908.6000
2019-09-17,907.8800,912.7500,904.5400,912.3800
2019-09-18,912.3700,915.0100,911.1400,913.4800
2019-09-19,913.4000,918.8800,909.8800,918.8800
2019-09-20,918.8800,920.7700,914.7000,915.1600
2019-09-23,916.1500,918.3900,909.9800,909.9800
2019-09-24,909.1800,914.0000,908.1400,910.7600
2019-09-25,910.3700,912.7400,906.7400,912.4200
2019-09-26,912.6500,918.1000,911.6400,918.1000
2019-09-27,919.4300,925.5000,918.0500,924.8300
2019-09-30,924.8300,930.8000,922.8300,922.8900
2019-10-01,922.8700,926.3100,921.7700,926.3100
2019-10-02,925.4400,927.4300,918.1600,919.7300
2019-10-03,919.6300,921.7000,911.6000,921.7000
2019-10-04,921.7000,924.2700,915.1600,915.1600
2019-10-07,916.5100,917.2500,907.5000,907.5000
2019-10-08,907.5000,915.3000,906.8800,915.2700
2019-10-09,915.3800,917.8800,912.7900,914.5400
2019-10-10,914.7300,916.9700,912.5700,913.0500
2019-10-11,913.8400,917.0100,912.9500,916.6800
2019-10-14,916.9000,924.5200,916.9000,921.9100
2019-10-15,921.6500,924.6100,920.7300,923.2700
2019-10-16,924.9900,927.8200,923.6600,924.6400
2019-10-17,924.1300,924.6800,919.1000,919.1000
2019-10-18,919.1000,922.4700,917.1200,919.1300
2019-10-21,918.0100,918.6500,914.0000,914.0000
2019-10-22,914.1400,917.4500,912.7500,916.8100
2019-10-23,916.7600,919.6100,915.9700,919.6100
2019-10-24,920.3500,925.2500,919.2200,925.2500
2019-10-25,925.4900,927.0500,923.5800,927.0500
2019-10-28,928.0100,929.8900,925.9700,925.9700
2019-10-29,925.7300,928.3800,923.9700,923.9700
2019-10-30,924.6800,928.8400,922.8600,925.0700
2019-10-31,926.5400,928.8000,922.1700,922.6800
2019-11-01,923.7600,934.2100,923.5600,933.5500
2019-11-04,933.9600,941.4200,932.3600,940.2500
2019-11-05,941.2500,943.1900,938.7300,942.3400
2019-11-06,941.7000,945.4300,940.7600,942.3800
2019-11-07,942.2300,945.2200,940.2300,944.2500
2019-11-08,944.2800,948.0900,942.1900,944.7000
2019-11-11,944.7200,946.3700,939.0000,939.7200
2019-11-12,939.7200,942.5500,937.9600,939.8200
2019-11-13,939.8200,940.8800,931.2800,932.6000
2019-11-14,932.4500,935.6700,927.5300,928.4400
2019-11-15,929.1400,930.6100,922.6000,927.3600
2019-11-18,927.4900,929.1700,920.5200,920.9500
2019-11-19,920.9600,926.0700,920.0500,926.0700
2019-11-20,926.6700,926.6700,917.0000,917.0000
2019-11-21,917.0000,917.0000,898.2300,898.2300
2019-11-22,905.8900,906.9300,885.8300,892.3100
2019-11-25,892.3100,896.4300,887.0200,894.8000
2019-11-26,895.3600,900.5600,895.3600,897.5000
2019-11-27,898.9600,900.9500,895.0600,895.0600
2019-11-28,893.1500,895.2700,883.3300,885.7000
2019-11-29,886.4600,888.3600,882.8500,887.4700
2019-12-02,887.4700,889.3700,875.1000,875.1000
2019-12-03,873.4200,877.8500,865.7400,868.6800
2019-12-04,868.3400,883.5600,865.4600,883.5600
2019-12-05,883.3300,886.3500,878.5100,879.3200
2019-12-06,877.4000,882.3600,875.9900,880.4300
2019-12-09,880.1600,882.4100,876.2500,879.9400
2019-12-10,879.1500,880.1800,870.3000,873.1600
2019-12-11,873.1600,878.2700,869.2700,878.2700
2019-12-12,878.2700,885.7300,878.2700,884.8000
2019-12-13,884.9800,888.3400,880.5500,880.5500
2019-12-16,878.8800,879.6400,874.0700,876.6500
2019-12-17,876.5700,877.6300,867.2100,867.4400
2019-12-18,865.5000,867.6200,861.2700,863.1600
2019-12-19,863.1600,867.2400,858.7700,862.2300
2019-12-20,862.4100,869.4200,862.3800,868.3700
2019-12-23,871.6300,872.7400,868.2000,868.2000
2019-12-24,867.9800,869.8800,864.8800,869.8800
2019-12-25,869.9900,874.9300,869.2800,873.1800
2019-12-26,872.5500,874.7900,869.6300,872.0700
2019-12-27,871.8200,876.3800,868.2100,876.3800
2019-12-30,876.6100,881.2400,876.4200,880.2900
2019-12-31,881.2500,881.9700,877.1200,879.0600
2020-01-02,879.0200,886.8800,876.8700,886.8800
2020-01-03,887.1100,890.3800,883.1800,883.2800
2020-01-06,882.5100,882.5100,872.3400,872.3400
2020-01-07,872.3200,877.3400,870.4900,876.7000
2020-01-08,876.6400,876.6400,861.5100,865.1800
2020-01-09,877.4700,878.4300,865.1800,877.7600
2020-01-10,877.8500,888.0900,877.7000,885.5200
2020-01-13,885.5200,885.5200,881.3500,881.7900
2020-01-14,881.7700,886.8300,880.5800,884.7700
2020-01-15,884.9500,886.3300,882.7900,885.3600
2020-01-16,885.3600,892.2000,883.8300,891.9600
2020-01-17,891.6600,897.6300,891.3600,894.8400
2020-01-20,894.6000,897.4000,891.7500,897.4000
2020-01-21,897.9700,907.5100,897.4000,906.5200
2020-01-22,906.5200,909.4100,903.2700,909.0900
2020-01-30,908.2000,909.0900,870.5300,875.8200
2020-01-31,875.4300,876.5900,848.6300,848.6300
2020-02-03,848.4200,848.6300,803.7300,842.6700
2020-02-04,842.7900,849.8000,833.9300,845.5200
2020-02-05,845.6500,854.7200,840.4100,845.3100
2020-02-06,845.3800,862.8600,842.6800,862.8600
2020-02-07,862.7100,865.9100,858.0200,863.4900
2020-02-10,863.2800,863.4900,848.2100,852.8700
2020-02-11,853.0900,859.3800,852.8700,856.3900
2020-02-12,856.6400,870.1000,856.6400,863.2300
2020-02-13,862.7200,864.7900,858.4600,864.1600
2020-02-14,865.0300,868.8400,863.1400,865.8600
2020-02-17,865.8300,867.4500,862.7500,866.2700
2020-02-18,866.0600,866.6100,858.6100,861.7100
2020-02-19,860.2300,865.4000,859.6500,863.8400
2020-02-20,864.0000,872.8600,864.0000,871.4000
2020-02-21,871.4900,877.5200,868.5900,868.8900
2020-02-24,867.5600,868.8900,837.4000,837.4000
2020-02-25,836.5400,849.5800,827.8100,849.5800
2020-02-26,849.5600,849.5800,837.5200,841.6800
2020-02-27,841.1900,849.1800,836.5600,848.3400
2020-02-28,844.0200,848.3400,823.0900,831.9700
2020-03-02,831.2500,837.9900,827.2300,835.4200
2020-03-03,835.1400,846.2100,835.1400,837.9900
2020-03-04,838.0200,839.2600,831.2000,837.9900
2020-03-05,838.9300,846.5800,836.3200,839.1200
2020-03-06,838.7700,839.1200,827.1200,835.9700
2020-03-09,835.6500,835.6500,781.1200,782.8500
2020-03-10,782.8500,794.8800,762.3400,789.5100
2020-03-11,789.7500,795.9800,746.8300,758.1600
2020-03-12,757.9000,757.9000,710.3300,719.2100
2020-03-13,687.3800,722.3000,674.3600,716.6500
2020-03-16,716.6500,716.6500,688.8000,698.1800
2020-03-17,698.0000,702.3600,673.2100,699.7300
2020-03-18,699.7300,705.3000,695.4200,700.6500
2020-03-19,699.3500,700.6500,669.0400,679.5500
2020-03-20,679.7800,683.5500,668.9000,673.7000
2020-03-23,671.0500,671.0500,628.4600,632.8600
2020-03-24,632.6300,633.9700,619.0700,625.4300
2020-03-25,625.8300,652.3100,625.4300,652.3100
2020-03-26,651.9400,655.0600,639.0200,646.7000
2020-03-27,646.6100,649.1700,633.4100,642.2300
2020-03-30,641.9200,642.2300,605.0000,613.0200
2020-03-31,613.3300,629.0800,598.6000,610.7600
2020-04-01,609.3500,631.6000,606.0300,628.7900
2020-04-03,630.3700,649.1500,630.3700,649.1500
2020-04-06,649.1500,682.6500,649.1500,682.6500
2020-04-07,682.6500,695.4500,677.0300,693.6100
2020-04-08,693.6600,693.6600,675.2600,691.1700
2020-04-09,691.1700,704.1800,691.1700,700.3200
2020-04-10,697.9000,701.7700,687.1800,695.7400
2020-04-13,695.8400,714.5800,695.8400,706.3700
2020-04-14,706.3700,713.8100,699.0300,713.8100
2020-04-15,714.3900,726.2000,713.8100,722.8000
2020-04-16,721.7300,726.7100,714.5200,726.5700
2020-04-17,727.5100,736.1700,726.5700,734.9800
2020-04-20,736.1000,742.2700,729.5200,736.3100
2020-04-21,734.1400,736.3100,702.6100,706.6500
2020-04-22,706.5400,718.6200,692.0300,714.4200
2020-04-23,718.8300,729.9900,715.6200,717.4900
2020-04-24,717.4900,725.5200,711.1400,725.0500
2020-04-27,724.1400,735.2800,719.6600,719.6600
2020-04-28,719.4500,721.7300,711.8400,715.7400
2020-04-29,715.7400,719.1800,713.6200,715.3300
2020-05-04,714.9000,716.0500,706.4700,709.3500
2020-05-05,710.2200,714.5900,707.4900,711.0100
2020-05-06,711.3400,725.9400,709.7700,725.9400
2020-05-07,726.1700,739.9800,725.9400,739.9800
2020-05-08,740.1400,773.2200,739.9800,760.1500
2020-05-11,760.8600,777.1300,760.1500,777.1300
2020-05-12,777.3500,783.7700,766.7000,782.4500
2020-05-13,781.8500,788.0600,760.2000,783.6900
2020-05-14,783.6900,785.1000,773.6200,780.7300
2020-05-15,780.7300,785.2600,771.2500,773.9500
2020-05-18,773.9500,787.2700,770.6100,787.2700
2020-05-19,787.5300,808.1700,787.5300,799.3100
2020-05-20,797.2700,803.3500,793.7500,803.3200
2020-05-21,803.5700,815.5500,802.4900,815.5500
2020-05-22,815.5100,815.5500,802.8200,803.1400
2020-05-25,803.3500,809.1200,799.2300,807.2500
2020-05-26,807.5500,815.9600,807.5500,815.0100
2020-05-27,816.0400,821.3600,801.3600,801.3600
2020-05-28,801.3800,810.4300,800.1600,804.0600
2020-05-29,804.0000,808.8300,801.4600,806.2300
2020-06-01,806.4400,821.4700,806.4400,821.4700
2020-06-02,821.8900,827.1100,818.1200,818.7000
2020-06-03,819.0200,824.5400,818.3300,824.2900
2020-06-04,827.8500,831.4900,823.5100,823.7700
2020-06-05,823.4600,826.4700,818.3300,826.4700
2020-06-08,826.7900,845.6300,826.4700,838.5200
2020-06-09,839.1900,843.5800,836.1300,837.0200
2020-06-10,836.8000,842.2100,827.6000,839.1100
2020-06-11,839.1100,842.7600,806.6400,806.8700
2020-06-12,803.1100,807.7600,782.7000,807.7600
2020-06-15,808.5800,813.5900,778.7100,778.7100
2020-06-16,779.8000,801.4200,779.8000,798.8200
2020-06-17,798.8200,802.0600,793.2000,796.4300
2020-06-18,795.8400,800.0300,788.7200,797.0800
2020-06-19,797.2100,808.2800,797.0300,808.2800
2020-06-22,811.4700,812.9900,805.2400,809.9700
2020-06-23,810.6400,812.2400,803.9600,807.6100
2020-06-24,807.9000,813.4700,799.3500,801.6200
2020-06-25,801.2900,801.2900,791.3800,796.5100
2020-06-26,796.7000,803.8800,793.0800,795.5300
2020-06-29,795.1100,795.1100,768.9900,774.8100
2020-06-30,774.8400,784.4400,765.6200,770.5300
2020-07-01,770.2300,787.3800,770.0200,786.8200
2020-07-02,786.8200,788.8800,781.4500,785.5900
2020-07-03,785.8100,790.3000,785.8100,789.8700
2020-07-06,790.0800,803.7600,789.8700,803.4600
2020-07-07,803.6100,812.4800,803.6100,805.6800
2020-07-08,805.6700,807.0900,801.5700,805.0600
2020-07-09,805.1200,819.4500,805.1200,817.0800
2020-07-10,816.7600,817.6700,806.6700,809.0200
2020-07-13,809.0300,814.3500,802.5000,806.1700
2020-07-14,805.2100,806.1700,798.2100,805.3700
2020-07-15,805.3800,815.0900,805.3800,810.1600
2020-07-16,810.1600,819.8300,809.4100,819.8300
2020-07-17,819.2700,819.2700,812.6100,814.1600
2020-07-20,814.0000,814.0000,803.3600,803.3600
2020-07-21,803.5500,806.3400,799.9800,804.7000
2020-07-22,804.2600,806.9300,797.8200,797.8500
2020-07-23,797.8500,800.2900,794.5900,800.2900
2020-07-24,798.8900,798.8900,760.5600,772.2900
2020-07-27,767.3000,772.2900,726.0200,729.9300
2020-07-28,730.5500,757.5000,729.9300,756.1700
2020-07-29,737.9800,755.1400,722.8500,735.1600
2020-07-30,735.3000,746.7400,735.1600,746.0200
2020-07-31,745.3300,747.5600,731.1400,740.7300
2020-08-03,740.3300,758.3000,738.6400,757.8600
2020-08-04,759.1900,768.4600,757.8600,768.2200
2020-08-05,768.2200,782.0900,761.2600,780.7100
2020-08-06,780.6900,787.2700,776.0400,781.6000
2020-08-07,781.6100,785.9900,778.4500,782.1500
2020-08-10,782.5000,791.6700,782.1500,784.3000
2020-08-11,784.7400,788.9200,781.0400,784.5700
2020-08-12,784.5800,790.0100,784.2300,788.4200
2020-08-13,788.4200,795.6900,789.2600,795.0900
2020-08-14,795.1300,801.6100,789.1200,791.9800
2020-08-17,791.8900,793.6100,782.5200,791.5400
2020-08-18,791.6000,792.1300,784.9300,786.9500
2020-08-19,787.2300,791.8500,786.0100,789.4100
2020-08-20,789.4100,793.3500,783.5700,786.1100
2020-08-21,786.1400,795.0500,786.1400,793.6000
2020-08-24,793.4600,810.1700,793.4600,809.6900
2020-08-25,809.3400,818.9400,809.3400,815.1800
2020-08-26,815.1900,816.6800,811.4500,812.3600
2020-08-27,812.4700,814.6400,810.6800,814.5500
2020-08-28,824.6500,828.8800,814.5500,821.9300
2020-08-31,822.0100,831.7600,820.6600,823.9300
2020-09-01,823.0100,832.8700,821.7400,832.0300
2020-09-03,832.2700,844.2700,832.0300,843.6400
2020-09-04,843.2200,843.6400,833.5400,840.5400
2020-09-07,840.6400,843.8000,824.3600,824.3600
2020-09-08,824.6200,829.2200,819.0200,827.5700
2020-09-09,827.5000,828.3800,816.5100,824.4200
2020-09-10,824.4200,832.6100,824.4200,825.8500
2020-09-11,825.8100,827.8300,821.9700,825.5600
2020-09-14,825.6900,833.0900,825.6900,832.2400
2020-09-15,833.6900,835.4200,831.1300,833.3300
2020-09-16,833.3100,834.5200,831.3300,834.5000
2020-09-17,834.6000,837.7600,829.0800,831.8400
2020-09-18,831.8400,842.1000,831.8400,841.2600
2020-09-21,841.2800,852.6500,841.2800,851.5400
2020-09-22,851.5400,854.3400,846.0300,853.6800
2020-09-23,852.8800,860.3400,852.8800,858.3000
2020-09-24,858.1400,858.8900,852.2900,853.2100
2020-09-25,853.1900,856.7900,850.1000,854.7100
2020-09-28,854.8400,863.9800,854.8400,863.3100
2020-09-29,869.3000,871.9900,856.2000,856.2000
2020-09-30,856.2000,860.1000,852.5400,858.5400
2020-10-01,859.2700,868.3000,859.2700,867.5800
2020-10-02,867.5800,870.8000,850.6100,861.5100
2020-10-05,861.5100,869.0900,861.5100,867.7000
2020-10-06,867.7400,872.3900,866.1200,871.3700
2020-10-07,870.9800,876.3100,867.0600,870.8500
2020-10-08,870.8800,873.1300,864.5500,869.8200
2020-10-09,869.8000,875.5200,868.3600,874.5300
2020-10-12,874.7200,882.8400,871.5800,874.9000
2020-10-13,874.5800,879.2500,872.3600,878.3500
2020-10-14,878.9400,892.2500,878.3500,892.1500
2020-10-15,896.5000,901.7100,893.9400,899.2000
2020-10-16,899.5800,906.1700,892.7000,901.5900
2020-10-19,899.6100,906.1600,899.6100,901.4700
2020-10-20,903.2700,909.4900,899.4200,909.4900
2020-10-21,909.4900,918.0700,905.0800,906.1000
2020-10-22,906.1000,918.3000,902.0100,918.3000
2020-10-23,918.8400,930.5900,918.8400,930.3000
2020-10-26,929.5000,942.7200,919.5600,919.5600
2020-10-27,919.5600,926.3900,914.7200,915.4600
2020-10-28,913.3100,915.9800,888.8800,888.8800
2020-10-29,887.3800,894.1900,879.7400,886.6800
2020-10-30,887.3400,893.4100,875.9700,892.5500
2020-11-02,892.6800,899.9400,889.8300,899.2700
2020-11-03,899.7300,904.7800,897.3000,902.1400
2020-11-04,908.2200,910.5900,900.7400,905.4800
2020-11-05,905.5500,913.2000,903.6400,903.6400
2020-11-06,903.6800,907.6700,899.5100,902.9100
2020-11-09,902.9100,917.4200,902.9100,917.4200
2020-11-10,917.4500,929.6600,916.5000,916.5000
2020-11-11,916.9800,919.9500,910.3900,916.6800
2020-11-12,916.8900,923.0000,916.2100,923.0000
2020-11-13,923.0000,931.2000,923.0000,931.2000
2020-11-16,931.4000,939.1000,915.2300,915.9700
2020-11-17,916.2500,934.6500,916.2500,934.6500
2020-11-18,935.2400,939.6200,931.1800,937.6700
2020-11-19,939.4100,945.0300,936.3200,944.9200
2020-11-20,944.8500,950.8900,942.2800,950.8900
2020-11-23,950.9800,961.3500,946.1800,960.0300
2020-11-24,960.9700,964.3200,948.6700,959.6100
2020-11-25,959.6800,963.7800,957.1400,960.6300
2020-11-26,960.2900,964.1600,953.6900,964.1600
2020-11-27,964.3200,971.1100,963.6900,971.1100
2020-11-30,971.3900,975.4600,965.8900,965.8900
2020-12-01,962.6100,976.4400,951.9200,976.3500
2020-12-02,976.2700,981.2800,973.5800,979.9500
2020-12-03,980.1700,986.4000,978.1600,985.4400
2020-12-04,985.9100,988.6800,983.0300,984.3400
2020-12-07,984.2500,992.5900,984.0700,992.0100
2020-12-08,992.0100,996.6400,988.7100,993.6100
2020-12-09,993.6100,1004.6100,993.6100,1004.0300
2020-12-10,1004.4200,1008.6000,994.2800,994.2800
2020-12-11,994.3400,1008.6500,994.2800,1008.6500
2020-12-14,1008.8600,1024.2800,1008.8600,1024.2800
2020-12-15,1024.4000,1025.3400,1009.8000,1013.0200
2020-12-16,1013.6600,1029.7200,1013.0200,1029.7200
2020-12-17,1028.6300,1029.7200,1015.8600,1016.9500
2020-12-18,1016.9500,1037.9800,1016.9500,1036.6500
2020-12-21,1038.0000,1052.8500,1038.0000,1049.7100
2020-12-22,1051.1700,1053.8100,1043.8000,1052.2300
2020-12-23,1053.8900,1058.9100,1043.8800,1045.7000
2020-12-24,1045.9700,1051.5600,1013.9000,1033.9500
2020-12-25,1033.8600,1052.1600,1026.0500,1052.1300
2020-12-28,1053.3700,1063.0900,1047.4500,1054.2300
2020-12-29,1054.2300,1062.6100,1050.0500,1058.3900
2020-12-30,1059.2000,1069.5000,1055.2500,1059.1600
2020-12-31,1059.1600,1074.0200,1058.9000,1070.7700
2021-01-04,1072.4400,1097.6100,1072.4400,1091.8700
2021-01-05,1090.7100,1106.2900,1086.0700,1104.3000
2021-01-06,1105.7400,1125.6300,1104.3000,1113.7200
2021-01-07,1113.8800,1130.5900,1113.7200,1130.5900
2021-01-08,1131.0000,1156.3800,1131.0000,1147.8600
2021-01-11,1148.0600,1165.9900,1148.0600,1163.4000
2021-01-12,1163.4400,1169.3800,1155.9000,1169.0300
2021-01-13,1169.1600,1178.4400,1161.8700,1164.5700
2021-01-14,1165.2200,1169.9700,1156.5800,1168.9900
2021-01-15,1169.2700,1185.4600,1168.9900,1182.2000
2021-01-18,1183.2500,1188.5300,1171.9600,1173.3400
2021-01-19,1173.2700,1173.6100,1098.4700,1107.3200
2021-01-20,1108.9200,1121.9700,1073.1300,1116.2100
2021-01-21,1116.2100,1152.9000,1114.2600,1151.3000
2021-01-22,1151.3000,1164.4500,1147.8800,1156.5800
2021-01-25,1156.5500,1164.7000,1149.2600,1154.2900
2021-01-26,1153.9400,1155.3200,1107.5400,1125.0900
2021-01-27,1122.9200,1125.2500,1073.7400,1083.6300
2021-01-28,1080.8300,1080.8300,1008.5300,1010.7500
2021-01-29,1009.9600,1070.0500,978.8500,1048.3100
2021-02-01,1048.0100,1068.9300,1029.2100,1029.8600
2021-02-02,1029.5500,1079.8700,1025.1800,1079.7000
2021-02-03,1080.2300,1122.0400,1079.7000,1117.9800
2021-02-04,1117.5200,1126.6400,1103.1100,1117.7400
2021-02-05,1117.9200,1135.5000,1117.7400,1135.5000
2021-02-08,1135.5000,1136.3800,1077.4000,1093.8400
2021-02-09,1092.6700,1129.4900,1089.8500,1129.4900
2021-02-17,1130.1900,1174.9100,1129.4900,1174.9100
2021-02-18,1174.8000,1187.9400,1162.4800,1187.9400
2021-02-19,1186.7000,1188.6100,1168.1800,1180.5900
2021-02-22,1180.4800,1190.4800,1172.7100,1180.5500
2021-02-23,1180.3800,1191.7400,1174.1800,1182.4700
2021-02-24,1182.7600,1192.0400,1161.1300,1167.1800
2021-02-25,1168.2200,1175.1900,1158.0600,1169.8200
2021-02-26,1169.3700,1175.4000,1153.4100,1173.6000
2021-03-01,1173.7200,1192.8500,1173.6000,1191.8300
2021-03-02,1192.6000,1203.8400,1188.0100,1194.7100
2021-03-03,1194.7800,1198.3600,1189.1400,1195.6000
2021-03-04,1195.6200,1200.4200,1164.6300,1174.2900
2021-03-05,1174.3600,1174.8000,1157.4500,1174.1600
2021-03-08,1175.1900,1186.2900,1164.7800,1170.0000
2021-03-09,1169.8900,1170.0000,1150.1800,1163.0000
2021-03-10,1163.4300,1173.5800,1154.2900,1172.2600
2021-03-11,1172.9400,1190.4700,1172.9400,1188.7100
2021-03-12,1188.7400,1193.9700,1184.6400,1187.8100
2021-03-15,1187.8400,1194.2900,1184.3200,1190.8600
2021-03-16,1191.0800,1192.1500,1177.0500,1187.8400
2021-03-17,1188.3100,1193.4500,1183.8300,1193.4500
2021-03-18,1193.7100,1211.5400,1193.7100,1211.5400
2021-03-19,1211.0800,1211.5400,1201.1700,1203.3600
2021-03-22,1204.0000,1207.2800,1194.7900,1198.5400
2021-03-23,1198.4900,1198.5400,1182.2200,1186.9800
2021-03-24,1186.0400,1186.9800,1157.6900,1167.4900
2021-03-25,1165.8000,1175.8600,1159.2500,1164.6400
2021-03-26,1164.3800,1170.7500,1143.0800,1167.1900
2021-03-29,1167.3000,1182.0600,1167.3000,1180.0700
2021-03-30,1180.2100,1192.9000,1175.9000,1190.8600
2021-03-31,1190.8600,1203.1800,1189.4700,1196.2400
2021-04-01,1196.6200,1227.5600,1196.2400,1226.1600
2021-04-02,1226.8400,1243.6700,1226.8400,1238.0300
2021-04-05,1240.2400,1256.1200,1238.0300,1249.9000
2021-04-06,1248.4300,1260.3500,1245.1600,1255.3600
2021-04-07,1255.3600,1257.7700,1248.1500,1257.7700
2021-04-08,1257.7500,1263.0300,1249.4500,1251.8100
2021-04-09,1251.7100,1256.0600,1245.2600,1253.2600
2021-04-12,1254.3900,1279.5200,1253.2600,1278.1900
2021-04-13,1278.3100,1298.7800,1276.7400,1277.3500
2021-04-14,1277.3100,1290.7700,1263.8900,1290.7700
2021-04-15,1291.8300,1300.8400,1283.9800,1284.2000
2021-04-16,1283.1800,1291.3700,1262.5200,1276.8700
2021-04-19,1277.1100,1306.2200,1271.5200,1306.2200
2021-04-20,1308.0300,1331.5600,1303.6800,1312.6800
2021-04-22,1312.3300,1317.5000,1271.5300,1271.5300
2021-04-23,1271.5200,1301.3900,1262.8900,1301.3900
2021-04-26,1301.3900,1305.7300,1269.7800,1275.0400
2021-04-27,1274.3200,1283.9500,1264.5700,1283.8100
2021-04-28,1283.8100,1296.4800,1280.5400,1294.0600
2021-04-29,1294.7900,1312.6200,1294.0600,1312.2800
2021-05-04,1312.0800,1329.1800,1285.9000,1328.0300
2021-05-05,1328.4700,1360.7600,1328.0300,1346.8900
2021-05-06,1346.9300,1352.5700,1337.2800,1344.6400
2021-05-07,1344.0900,1347.8000,1329.5100,1340.7300
2021-05-10,1339.7500,1371.5100,1335.3900,1370.6600
2021-05-11,1370.7100,1382.0600,1359.1900,1359.1900
2021-05-12,1358.5900,1380.2300,1350.8000,1380.1700
2021-05-13,1379.1900,1385.7200,1370.1800,1370.1800
2021-05-14,1370.1400,1386.0900,1370.1400,1380.0200
2021-05-17,1381.1300,1391.8900,1371.2200,1371.3600
2021-05-18,1371.7500,1381.3600,1367.8500,1378.5900
2021-05-19,1378.9700,1402.4500,1378.4300,1401.7100
2021-05-20,1402.3100,1424.9200,1396.2300,1424.9200
2021-05-21,1424.7700,1433.0100,1412.7800,1425.0400
2021-05-24,1425.1100,1433.5900,1421.1700,1430.4800
2021-05-25,1428.4200,1445.6000,1427.5600,1444.0100
2021-05-26,1443.9300,1456.5500,1440.6000,1455.1100
2021-05-27,1455.4800,1457.4600,1433.7600,1437.3800
2021-05-28,1437.7400,1460.6800,1433.5500,1458.7800
2021-05-31,1459.0400,1475.0900,1449.6600,1474.7800
2021-06-01,1473.2800,1496.5500,1473.2800,1482.9200
2021-06-02,1482.9200,1488.9300,1469.4900,1478.8500
2021-06-03,1479.7500,1506.2700,1478.8500,1504.3700
2021-06-04,1504.1800,1509.3800,1496.3600,1508.3500
2021-06-07,1508.0800,1508.6500,1472.1000,1484.1000
2021-06-08,1481.8800,1493.3600,1436.7200,1438.9700
2021-06-09,1438.4700,1465.9300,1426.0400,1457.7600
2021-06-10,1457.1700,1464.4000,1443.7400,1451.1800
2021-06-11,1451.4300,1489.9500,1448.4600,1487.6100
2021-06-14,1488.8800,1504.3200,1483.8200,1495.5100
2021-06-15,1495.5100,1498.7500,1481.0300,1487.0400
2021-06-16,1486.7600,1487.6800,1462.9900,1465.5800
2021-06-17,1463.9800,1469.4400,1445.3900,1461.9100
2021-06-18,1461.9600,1484.8900,1461.9100,1481.3000
2021-06-21,1481.1500,1486.1200,1473.1100,1478.2900
2021-06-22,1481.1300,1498.1200,1478.2900,1489.2400
2021-06-23,1489.2700,1502.7900,1485.1300,1489.5300
2021-06-24,1489.5100,1497.9200,1482.3800,1486.9600
2021-06-25,1486.9900,1500.9400,1480.6400,1500.3000
2021-06-28,1502.0200,1523.5800,1500.3000,1521.4100
2021-06-29,1521.5100,1536.9600,1521.4100,1529.9700
2021-06-30,1529.9700,1540.9000,1528.1000,1529.0000
2021-07-01,1529.0900,1545.1400,1525.2400,1545.1400
2021-07-02,1546.5400,1558.4500,1546.5400,1554.5900
2021-07-05,1557.4100,1560.4400,1533.1800,1557.4100
2021-07-06,1557.4100,1565.2900,1488.4200,1488.4200
2021-07-07,1501.4400,1538.7700,1472.8100,1538.7700
2021-07-08,1530.4000,1536.5100,1509.9000,1521.2100
2021-07-09,1510.0000,1526.3500,1480.6000,1494.4300
2021-07-12,1488.2900,1495.9200,1406.1400,1443.1000
2021-07-13,1454.5600,1457.0500,1419.0900,1440.8700
2021-07-14,1442.2000,1446.1300,1395.1600,1410.3000
2021-07-15,1402.3600,1441.5700,1402.3600,1430.2900
2021-07-16,1439.9600,1446.3600,1430.2900,1438.0500
2021-07-19,1403.9600,1438.0500,1367.6100,1374.1500
2021-07-20,1379.4100,1411.0200,1357.3100,1411.0200
2021-07-21,1415.7100,1422.8000,1402.4200,1406.5400
2021-07-22,1404.4900,1432.4300,1400.2000,1428.4800
2021-07-23,1422.0700,1430.4300,1401.5300,1401.5300
2021-07-26,1397.0100,1409.9400,1384.8700,1403.9600
2021-07-27,1415.5000,1423.3000,1403.9600,1409.8500
2021-07-28,1406.2500,1415.3900,1402.6000,1407.5000
2021-07-29,1419.5500,1427.5500,1407.5000,1427.5500
2021-07-30,1430.4800,1451.4500,1427.5500,1447.2300
2021-08-02,1443.6000,1457.8900,1438.3500,1448.2100
2021-08-03,1449.9700,1469.8700,1448.2100,1469.8700
2021-08-04,1476.8200,1480.2800,1465.6600,1472.2000
2021-08-05,1469.1300,1488.7900,1465.1000,1486.4600
2021-08-06,1488.1100,1491.5200,1476.7900,1476.7900
2021-08-09,1472.7800,1499.9000,1467.3200,1497.8300
2021-08-10,1506.5000,1508.9200,1490.0000,1494.4100
2021-08-11,1497.1300,1506.8000,1487.9100,1487.9100
2021-08-12,1487.1000,1493.6900,1477.0600,1477.0600
2021-08-13,1477.7200,1484.6700,1463.4800,1484.2500
2021-08-16,1490.7000,1504.0300,1487.5200,1500.7700
2021-08-17,1508.4100,1512.2700,1488.7400,1494.1200
2021-08-18,1493.1200,1500.1700,1484.2600,1489.5400
2021-08-19,1489.7400,1505.0100,1479.6000,1505.0100
2021-08-20,1495.6700,1505.0100,1436.2400,1450.4500
2021-08-23,1443.6700,1445.7500,1412.0000,1412.0000
2021-08-24,1415.7100,1423.4600,1406.9400,1418.2600
2021-08-25,1420.7400,1430.5800,1411.0700,1428.5100
2021-08-26,1432.3700,1433.6700,1408.0800,1412.4500
2021-08-27,1403.9900,1418.5700,1391.8800,1418.5700
2021-08-30,1427.4800,1434.2500,1418.5700,1431.0500
2021-08-31,1435.5200,1437.3800,1425.7100,1428.6600
2021-09-01,1425.3500,1434.7300,1423.0800,1426.9400
2021-09-06,1433.0300,1441.9200,1429.5500,1441.5400
2021-09-07,1446.0000,1454.8200,1441.6900,1444.1000
2021-09-08,1447.4300,1448.4400,1431.3800,1433.7100
2021-09-09,1432.8400,1449.1600,1431.5500,1447.2800
2021-09-10,1451.7800,1453.8100,1447.2800,1448.3300
2021-09-13,1450.0000,1454.7200,1444.7100,1444.9900
2021-09-14,1444.2400,1448.7100,1436.9800,1438.1600
2021-09-15,1433.1700,1447.6400,1432.7600,1444.8500
2021-09-16,1452.8900,1454.2300,1442.7700,1448.9800
2021-09-17,1452.3100,1459.9400,1448.9800,1455.5900
2021-09-20,1468.1100,1474.6600,1454.9500,1458.6600
2021-09-21,1444.7500,1455.7100,1433.7700,1446.2200
2021-09-22,1449.4400,1454.1900,1440.0200,1453.2200
2021-09-23,1456.4600,1466.0000,1453.0200,1458.2300
2021-09-24,1460.6300,1464.1200,1456.8900,1459.9400
2021-09-27,1462.8600,1464.5000,1439.2000,1439.2000
2021-09-28,1433.7000,1454.7900,1430.8900,1451.1200
2021-09-29,1450.7300,1453.6600,1440.5500,1450.5200
2021-09-30,1452.7600,1461.9400,1450.5200,1453.7600
2021-10-01,1450.9000,1453.7600,1438.5200,1441.8300
2021-10-04,1442.8700,1446.7800,1433.0500,1443.6100
2021-10-05,1446.7700,1456.3700,1443.6100,1456.2100
2021-10-06,1461.9800,1461.9800,1453.7800,1461.7200
2021-10-07,1467.9500,1470.6400,1460.8700,1462.7400
2021-10-08,1466.7800,1476.5400,1462.7400,1476.5400
2021-10-11,1481.2900,1511.2100,1480.3100,1510.2700
2021-10-12,1514.7800,1517.2100,1504.2400,1509.5700
2021-10-13,1512.7300,1519.1100,1502.1900,1505.5500
2021-10-14,1504.8500,1511.1400,1498.2100,1503.3800
2021-10-15,1508.3700,1512.6100,1499.7000,1504.8400
2021-10-18,1508.8800,1517.7000,1504.8400,1510.4900
2021-10-19,1512.1000,1513.8300,1503.8900,1507.1900
2021-10-20,1510.3800,1516.7400,1486.2600,1505.0300
2021-10-21,1509.0500,1510.2000,1489.2600,1489.2600
2021-10-22,1495.3200,1498.2500,1486.5700,1488.7100
2021-10-25,1492.3500,1492.3500,1476.9700,1476.9700
2021-10-26,1474.3600,1483.6500,1467.0200,1482.6200
2021-10-27,1487.4500,1516.4600,1485.1200,1516.4600
2021-10-28,1522.1100,1530.7700,1513.1200,1529.2600
2021-10-29,1529.4200,1534.5100,1521.0400,1532.3500
2021-11-01,1534.1700,1534.8800,1513.9800,1516.7500
2021-11-02,1514.9100,1522.9000,1514.7500,1521.3500
2021-11-03,1526.3800,1537.5900,1519.3900,1530.6500
2021-11-04,1531.9200,1535.9000,1524.5400,1528.2100
2021-11-05,1531.0600,1536.4700,1523.1600,1531.7600
2021-11-08,1535.1200,1541.8300,1528.7100,1535.6600
2021-11-09,1539.2500,1542.7500,1524.3600,1527.1300
2021-11-10,1530.6900,1531.7000,1518.8900,1523.7900
2021-11-11,1524.7300,1526.7200,1503.7700,1514.3600
2021-11-12,1514.9600,1529.4700,1504.5200,1527.9400
2021-11-15,1534.1600,1534.4400,1521.9400,1528.6800
2021-11-16,1527.1100,1530.3200,1513.5000,1517.2200
2021-11-17,1517.6700,1522.5000,1513.6500,1519.5800
2021-11-18,1522.3900,1523.1900,1503.4200,1503.4200
2021-11-19,1507.4500,1521.6300,1486.5900,1500.0500
2021-11-22,1503.1900,1530.4300,1500.0500,1517.0400
2021-11-23,1518.3900,1533.1200,1513.2300,1533.1200
2021-11-24,1534.8700,1567.7700,1530.6100,1565.2900
2021-11-25,1573.2900,1579.5600,1565.2900,1572.4600
2021-11-26,1576.5200,1587.0000,1564.3900,1566.5500
2021-11-29,1541.2200,1566.5500,1541.2200,1553.0400
2021-11-30,1567.4400,1568.0900,1531.8200,1537.5900
2021-12-01,1536.6700,1549.8100,1531.2000,1549.8100
2021-12-02,1553.2100,1555.4900,1540.8800,1540.8800
2021-12-03,1550.8100,1551.9700,1503.9800,1503.9800
2021-12-06,1507.4500,1515.4700,1464.9100,1480.9200
2021-12-07,1493.0700,1512.6200,1480.9200,1512.6200
2021-12-08,1515.5900,1523.9500,1508.6900,1516.1600
2021-12-09,1509.4000,1529.6100,1509.4000,1529.6100
2021-12-10,1528.1700,1533.2300,1517.5900,1519.4600
2021-12-13,1523.7400,1526.5300,1517.9800,1520.8000
2021-12-14,1518.3900,1529.9300,1513.1400,1516.4400
2021-12-15,1516.9100,1525.1400,1512.0500,1519.4200
2021-12-16,1526.6300,1526.7500,1501.4100,1510.1700
2021-12-17,1513.3600,1520.9700,1510.1700,1513.5600
2021-12-20,1519.6900,1521.6200,1509.5400,1513.6000
2021-12-21,1512.0100,1517.6900,1507.8900,1511.4800
2021-12-22,1514.9800,1519.7400,1498.9600,1504.1200
2021-12-23,1504.6100,1506.4300,1470.9400,1477.3700
2021-12-24,1484.5100,1507.4800,1481.3700,1506.6700
2021-12-27,1515.2400,1517.4500,1500.3100,1514.5500
2021-12-28,1518.5600,1523.5400,1509.5800,1523.5400
2021-12-29,1525.8200,1528.9000,1515.9400,1515.9400
2021-12-30,1515.7500,1526.2000,1515.7500,1519.6200
2021-12-31,1523.5800,1537.3200,1523.4100,1535.7100
2022-01-04,1536.4500,1562.5400,1536.4500,1558.8700
2022-01-05,1559.3300,1562.9300,1546.0100,1546.0100
2022-01-06,1542.3400,1554.9700,1541.1900,1544.9500
2022-01-07,1548.7700,1550.4700,1532.2400,1532.2400
2022-01-10,1531.1300,1537.7100,1514.7000,1514.7000
2022-01-11,1516.7400,1519.8400,1497.7800,1499.7400
2022-01-12,1498.6300,1530.0400,1484.9300,1530.0400
2022-01-13,1533.3800,1548.4900,1524.6600,1526.4300
2022-01-14,1523.9600,1530.2000,1513.1700,1523.5700
2022-01-17,1523.1700,1529.2800,1478.6100,1478.6100
2022-01-18,1473.0400,1489.1300,1464.4100,1477.0600
2022-01-19,1479.7400,1491.0000,1475.0600,1482.5500
2022-01-20,1479.8100,1499.4700,1474.6700,1492.8100
2022-01-21,1497.6100,1508.6500,1492.2100,1502.1600
2022-01-24,1496.3600,1499.2200,1465.7600,1471.3100
2022-01-25,1471.5600,1516.1600,1466.0700,1516.1600
2022-01-26,1519.9000,1533.6100,1516.1600,1525.3100
2022-01-27,1520.8200,1528.8100,1507.2600,1516.5700
2022-01-28,1516.4000,1535.5700,1515.8500,1532.2400
2022-02-07,1548.3800,1555.0100,1541.2500,1541.2500
2022-02-08,1539.4900,1555.0100,1537.1600,1550.4600
2022-02-09,1554.5900,1570.3200,1552.4400,1552.4400
2022-02-10,1554.9800,1557.8900,1536.0200,1548.9500
2022-02-11,1544.7600,1549.3700,1540.5000,1545.9200
2022-02-14,1530.5000,1536.7700,1505.0700,1505.0700
2022-02-15,1508.2500,1530.0400,1505.0700,1527.3600
2022-02-16,1534.3900,1534.5000,1517.5200,1521.4700
2022-02-17,1521.3700,1540.5100,1521.3700,1540.5100
2022-02-18,1525.2100,1533.5300,1523.8800,1531.4700
2022-02-21,1530.6500,1537.5600,1522.4800,1533.4000
2022-02-22,1532.0700,1532.3600,1510.0700,1532.3600
2022-02-23,1536.6000,1547.1900,1534.1900,1538.8300
2022-02-24,1537.5000,1540.1300,1503.2200,1522.0400
2022-02-25,1531.9700,1540.1300,1522.0400,1526.5000
2022-02-28,1525.5800,1533.3200,1512.4500,1517.1800
2022-03-01,1521.4400,1525.0000,1515.4900,1520.1200
2022-03-02,1516.3100,1517.4900,1495.1600,1498.6100
2022-03-03,1507.5300,1522.4900,1502.4100,1522.4900
2022-03-04,1525.2300,1529.9300,1519.9700,1525.3400
2022-03-07,1514.7600,1518.3200,1505.7900,1509.1200
2022-03-08,1500.0700,1506.6500,1486.6800,1490.1700
2022-03-09,1493.9600,1497.7500,1485.1500,1489.2500
2022-03-10,1491.9000,1505.5000,1490.2400,1490.2400
2022-03-11,1487.9200,1490.8300,1469.2200,1477.1400
2022-03-14,1471.4400,1473.9800,1454.3400,1461.1000
2022-03-15,1461.4000,1469.5200,1455.1600,1468.8900
2022-03-16,1475.1700,1478.4200,1467.9500,1472.6900
2022-03-17,1480.3200,1480.8600,1469.9200,1469.9200
2022-03-18,1474.0200,1482.9600,1474.0200,1476.9400
2022-03-21,1480.2900,1502.6700,1480.2900,1502.6700
2022-03-22,1507.3800,1516.7000,1506.1000,1513.4000
2022-03-23,1514.6100,1519.5800,1505.5900,1505.5900
2022-03-24,1506.4900,1506.7900,1496.9600,1497.4400
2022-03-25,1499.3400,1503.1800,1494.2800,1498.3600
2022-03-28,1493.1200,1497.0600,1477.7200,1484.1600
2022-03-29,1484.9500,1501.0500,1484.9500,1500.5700
2022-03-30,1497.9800,1513.9100,1496.5900,1500.2300
2022-03-31,1502.3800,1512.4700,1500.6700,1508.5300
2022-04-01,1509.0100,1542.4700,1506.1100,1542.4700
2022-04-04,1558.2100,1558.9800,1546.4600,1548.0400
2022-04-05,1544.3400,1549.7700,1539.2000,1539.2000
2022-04-06,1534.2300,1558.4100,1529.2300,1557.1100
2022-04-07,1561.1400,1566.0900,1541.9600,1541.9600
2022-04-08,1541.7800,1547.6000,1524.3100,1524.3100
2022-04-12,1530.3000,1532.0300,1506.4100,1507.2000
2022-04-13,1512.3700,1526.4400,1506.4500,1525.3900
2022-04-14,1526.4900,1534.2800,1517.0700,1518.0100
2022-04-15,1514.8900,1518.8500,1491.2600,1493.7400
2022-04-18,1493.1700,1493.2400,1466.7300,1468.2500
2022-04-19,1471.6300,1478.5000,1440.6100,1440.6100
2022-04-20,1440.9000,1453.8100,1434.8700,1435.5000
2022-04-21,1434.7700,1452.4100,1422.7000,1426.8700
2022-04-22,1439.3200,1455.1500,1419.0500,1444.3200
2022-04-25,1444.7900,1445.6200,1356.3600,1366.3900
2022-04-26,1347.8300,1397.4300,1318.5000,1396.9000
2022-04-27,1394.8500,1407.7000,1362.8700,1402.0300
2022-04-28,1400.6000,1407.8200,1392.2400,1400.8800
2022-04-29,1400.8800,1417.3100,1394.1700,1417.3100
2022-05-04,1415.4300,1415.4500,1389.5900,1389.5900
2022-05-05,1402.6000,1405.4300,1373.4200,1404.8800
2022-05-06,1399.5400,1399.5400,1371.0000,1373.2100
2022-05-09,1358.5600,1360.6400,1308.3400,1314.0400
2022-05-10,1312.1000,1345.4600,1285.6700,1345.4600
2022-05-11,1344.1400,1355.1100,1324.2000,1349.8200
2022-05-12,1337.0100,1339.2500,1279.4800,1279.7600
2022-05-13,1281.2800,1284.9400,1219.5200,1223.7600
2022-05-16,1254.8800,1258.2500,1214.2900,1215.0800
2022-05-17,1211.8800,1279.5500,1203.5100,1279.5500
2022-05-18,1289.5000,1298.6900,1268.1300,1286.4100
2022-05-19,1259.5900,1291.4900,1255.6300,1283.5500
2022-05-20,1284.8900,1296.0000,1273.4000,1282.5100
2022-05-23,1287.4900,1287.6500,1245.4100,1255.3500
2022-05-24,1255.7700,1272.7100,1242.3600,1272.7100
2022-05-25,1277.5400,1311.3200,1273.2900,1310.7000
2022-05-26,1312.5600,1319.2100,1304.5900,1309.5000
2022-05-27,1311.7800,1336.9900,1310.6400,1335.6800
2022-05-30,1337.3900,1342.8700,1329.3800,1342.8700
2022-05-31,1342.0800,1342.0800,1324.4600,1332.5900
2022-06-01,1329.0200,1341.4700,1323.0700,1335.4900
2022-06-02,1339.1200,1342.4700,1319.8500,1325.4900
2022-06-03,1325.4900,1329.9000,1313.4000,1327.4000
2022-06-06,1328.7300,1336.9600,1320.9700,1327.0400
2022-06-07,1323.1900,1324.3700,1297.9800,1324.3700
2022-06-08,1328.9500,1348.4000,1325.6500,1342.0300
2022-06-09,1344.5600,1346.1300,1335.2800,1342.9200
2022-06-10,1332.9300,1344.8500,1325.6900,1325.6900
2022-06-13,1295.2600,1300.4500,1260.8500,1260.8500
2022-06-14,1247.3900,1271.2800,1245.2600,1261.1600
2022-06-15,1263.9600,1268.3300,1231.1200,1253.0900
2022-06-16,1266.8700,1292.0200,1263.5600,1280.3700
2022-06-17,1254.0500,1259.3900,1229.7400,1258.0300
2022-06-20,1258.3000,1262.8300,1223.0300,1225.5600
2022-06-21,1220.7600,1240.8000,1212.6900,1224.5400
2022-06-22,1233.2800,1242.0600,1222.8600,1227.1800
2022-06-23,1227.1800,1240.5800,1219.0800,1240.5800
2022-06-24,1239.5400,1246.2200,1234.7200,1235.4700
2022-06-27,1238.2300,1256.6700,1237.7900,1256.6700
2022-06-28,1254.3500,1276.2100,1249.5700,1273.4100
2022-06-29,1259.8300,1274.7300,1259.4100,1273.4000
2022-06-30,1273.9900,1276.2300,1248.9200,1248.9200
2022-07-01,1247.7000,1255.6700,1225.6400,1252.2400
2022-07-04,1256.2000,1260.7200,1244.5000,1248.3700
2022-07-05,1252.4800,1256.4700,1239.8000,1242.0500
2022-07-06,1241.1900,1241.1900,1211.9400,1211.9400
2022-07-07,1212.3600,1229.2300,1209.9700,1229.2300
2022-07-08,1235.6500,1236.8500,1225.0400,1231.5400
2022-07-11,1224.2000,1224.2000,1200.1500,1209.0200
2022-07-12,1208.0600,1219.4400,1204.8400,1219.4400
2022-07-13,1216.8300,1225.8500,1213.4100,1216.9400
2022-07-14,1213.7300,1224.0100,1211.1400,1221.9400
2022-07-15,1224.1500,1228.4800,1217.2100,1220.1400
2022-07-18,1225.4000,1225.6900,1213.2800,1214.2800
2022-07-19,1213.5500,1213.6400,1204.6100,1211.7000
2022-07-20,1220.2500,1229.6200,1217.4500,1225.6200
2022-07-21,1227.3100,1240.9100,1226.8800,1235.2500
2022-07-22,1238.4600,1241.6500,1228.8400,1228.8400
2022-07-25,1228.1100,1231.8400,1219.6100,1222.6000
2022-07-26,1221.4300,1227.1000,1218.1100,1218.4900
2022-07-27,1218.1300,1219.4300,1211.4200,1219.4300
2022-07-28,1228.7300,1240.6500,1226.9500,1236.1400
2022-07-29,1243.1700,1243.1700,1232.0000,1232.0000
2022-08-01,1233.8500,1256.2500,1233.6400,1256.2500
2022-08-02,1256.3200,1266.1400,1248.9700,1265.9700
2022-08-03,1259.2600,1271.3900,1256.3900,1269.8300
2022-08-04,1273.7100,1281.4600,1270.6600,1277.7300
2022-08-05,1274.4800,1276.1900,1265.9300,1272.0600
2022-08-08,1270.2700,1280.1300,1270.1300,1276.7000
2022-08-09,1281.3800,1285.5200,1275.1200,1281.4400
2022-08-10,1279.5800,1283.0600,1276.0700,1277.1500
2022-08-11,1282.0900,1289.2900,1267.0400,1272.3300
2022-08-12,1271.3900,1280.9600,1267.1400,1280.9600
2022-08-15,1287.1300,1294.1100,1285.0200,1293.7900
2022-08-16,1293.7200,1297.3800,1290.5200,1295.1000
2022-08-17,1297.2500,1304.4900,1296.5800,1300.4000
2022-08-18,1299.0900,1311.7300,1295.5400,1299.9300
2022-08-19,1297.9700,1303.7300,1289.5700,1294.9300
2022-08-22,1294.7800,1295.6900,1281.9600,1285.4500
2022-08-23,1276.0900,1292.0000,1275.5700,1292.0000
2022-08-24,1295.0700,1300.4000,1291.9600,1296.4100
2022-08-25,1299.2600,1311.5500,1299.2600,1311.5500
2022-08-26,1314.7300,1320.1600,1304.6800,1306.8100
2022-08-29,1296.0300,1296.0300,1275.4000,1293.2500
2022-08-30,1293.4100,1307.1200,1293.4100,1298.1400
2022-08-31,1295.7100,1306.4500,1294.3400,1301.4400
2022-09-05,1300.5000,1305.6200,1294.4400,1298.1500
2022-09-06,1298.7400,1305.9000,1296.5800,1299.0600
2022-09-07,1297.3100,1298.1700,1268.9500,1268.9500
2022-09-08,1277.6300,1279.3400,1265.5700,1265.5700
2022-09-09,1273.3700,1275.6400,1259.3500,1275.6400
2022-09-12,1281.6200,1285.1700,1275.4500,1275.6000
2022-09-13,1277.4800,1279.5500,1271.2200,1272.4800
2022-09-14,1254.4400,1262.8000,1250.9800,1260.8800
2022-09-15,1267.2400,1269.5400,1260.5100,1262.8200
2022-09-16,1259.9000,1263.9700,1248.1300,1252.7800
2022-09-19,1251.4300,1253.4500,1225.1800,1229.8800
2022-09-20,1235.9300,1241.0700,1224.9600,1241.0700
2022-09-21,1235.8400,1236.0500,1223.0200,1228.2000
2022-09-22,1217.6300,1229.2600,1210.6500,1228.9400
2022-09-23,1227.3400,1230.7200,1213.7400,1215.4100
2022-09-26,1199.3900,1201.8900,1172.3700,1187.2200
2022-09-27,1190.4600,1193.7900,1181.4300,1182.4600
2022-09-28,1173.8200,1177.5800,1160.6600,1160.6600
2022-09-29,1166.5900,1177.2100,1147.4400,1147.4400
2022-09-30,1140.1800,1158.2000,1128.5700,1152.0100
2022-10-03,1141.8700,1144.9500,1094.4900,1102.0000
2022-10-04,1113.8000,1117.8700,1088.4100,1097.7200
2022-10-05,1114.6000,1128.9400,1112.2600,1117.3800
2022-10-06,1117.7000,1119.7600,1079.7500,1081.3600
2022-10-07,1064.7200,1067.0300,1027.6400,1039.5400
2022-10-10,1025.4800,1052.2400,1011.4400,1038.9300
2022-10-11,1031.1200,1031.1200,987.2700,1001.6800
2022-10-12,1004.5300,1039.3300,999.0000,1034.9300
2022-10-13,1034.2000,1051.2400,1020.9700,1051.2400
2022-10-14,1068.6300,1070.3000,1054.8200,1061.3900
2022-10-17,1051.2300,1051.4200,1028.3400,1047.2000
2022-10-18,1061.0600,1068.9000,1051.8500,1059.0600
2022-10-19,1061.1200,1062.2700,1044.6900,1053.6500
2022-10-20,1049.9600,1060.7900,1041.0800,1053.2600
2022-10-21,1055.3400,1055.3400,1002.0900,1010.5700
2022-10-24,1011.5400,1013.2400,961.7900,973.8800
2022-10-25,971.2900,1006.6900,950.1900,991.5200
2022-10-26,995.7300,999.5900,979.4000,990.4100
2022-10-27,992.9500,1028.5000,986.5400,1028.5000
2022-10-28,1036.9400,1046.0400,1024.7400,1029.4900
2022-10-31,1027.5700,1031.6600,999.4700,1026.8400
2022-11-01,1028.2300,1049.7700,1028.2300,1038.0900
2022-11-02,1037.4700,1039.4200,1020.4800,1025.1800
2022-11-03,1012.9000,1029.5300,1010.5700,1023.8000
2022-11-04,1006.5200,1009.0000,971.7200,997.9200
2022-11-07,992.4000,999.4300,968.8400,972.8500
2022-11-08,957.8800,981.5100,950.8100,980.0900
2022-11-09,980.9200,993.2800,969.1900,979.6800
2022-11-10,969.7900,969.7900,925.0200,936.8000
2022-11-11,946.6800,963.5500,941.8400,948.8600
2022-11-14,945.9700,945.9700,913.5000,936.3100
2022-11-15,923.2000,927.3700,893.4900,904.7700
2022-11-16,878.2400,942.5600,863.3100,940.2900
2022-11-17,941.7700,975.4200,941.7700,971.0400
2022-11-18,967.8200,977.1900,941.1800,971.2000
2022-11-21,970.6400,972.1500,951.6200,956.8900
2022-11-22,956.3100,985.1800,941.8500,945.5400
2022-11-23,939.0800,951.8600,933.2600,938.7300
2022-11-24,932.6900,941.6900,925.5500,940.7600
2022-11-25,948.6600,967.4900,947.5600,967.4900
2022-11-28,974.4200,1006.0600,974.2300,1004.3400
2022-11-29,1007.5800,1029.0400,995.1200,1029.0400
2022-11-30,1034.7800,1049.2100,1018.5900,1049.2100
2022-12-01,1059.8000,1073.3200,1040.9500,1042.6400
2022-12-02,1038.1100,1092.9900,1037.0800,1092.9900
2022-12-05,1094.3900,1120.5600,1094.3900,1110.9400
2022-12-06,1109.5000,1109.5000,1054.0600,1054.0600
2022-12-07,1051.5500,1064.7300,1037.1500,1047.5800
2022-12-08,1061.9900,1093.6400,1055.6300,1062.7300
2022-12-09,1069.3800,1076.6700,1051.6200,1065.0800
2022-12-12,1071.2700,1073.4400,1037.4200,1037.4200
2022-12-13,1038.6300,1056.4300,1028.3700,1056.4300
2022-12-14,1056.7600,1071.0200,1052.2500,1056.1700
2022-12-15,1055.8000,1076.0300,1055.4900,1068.0800
2022-12-16,1061.5800,1077.2700,1058.8800,1064.0700
2022-12-19,1063.7200,1081.5500,1050.2200,1050.2200
2022-12-20,1048.1700,1049.3900,1015.6600,1029.7900
2022-12-21,1041.0500,1041.6500,1011.9000,1033.1000
2022-12-22,1033.7200,1048.8400,1031.2900,1038.3400
2022-12-23,1037.9100,1041.3700,1022.5100,1034.1300
2022-12-26,1032.4200,1033.1700,987.7700,987.7700
2022-12-27,988.8700,1015.0100,985.6700,1007.3600
2022-12-28,1009.1900,1023.2400,997.1200,1013.9500
2022-12-29,1013.9500,1022.1500,1008.3000,1008.3000
2022-12-30,1016.7100,1017.4500,1005.1900,1005.1900
2023-01-03,1010.5200,1047.2500,1010.0300,1047.2500
2023-01-04,1051.6600,1059.0100,1046.6100,1050.1500
2023-01-05,1052.3200,1065.9900,1051.6000,1061.9000
2023-01-06,1060.1400,1075.3300,1053.2900,1057.4000
2023-01-09,1065.2400,1068.7700,1056.6400,1061.1400
2023-01-10,1062.2200,1066.0800,1052.0900,1060.5300
2023-01-11,1065.6900,1076.2200,1063.9600,1065.2200
2023-01-12,1068.4700,1072.8100,1059.5200,1066.2400
2023-01-13,1071.9100,1077.4500,1063.6800,1069.8600
2023-01-16,1072.4400,1076.9700,1066.7800,1075.7100
2023-01-17,1077.4800,1103.7300,1077.4800,1103.7300
2023-01-18,1106.8900,1117.2300,1104.9800,1115.7200
2023-01-19,1110.5000,1126.1200,1108.9600,1121.9200
2023-01-27,1128.4500,1142.0800,1125.1200,1130.6500
2023-01-30,1132.4500,1132.9700,1113.9500,1113.9500
2023-01-31,1112.6000,1125.0700,1098.6500,1125.0700
2023-02-01,1128.1300,1130.2000,1088.0900,1088.0900
2023-02-02,1093.5500,1099.3900,1082.9700,1093.4800
2023-02-03,1094.1400,1095.8700,1081.0500,1085.7000
2023-02-06,1078.7200,1094.4500,1073.4400,1094.3700
2023-02-07,1094.5100,1096.9300,1068.7100,1069.5000
2023-02-08,1072.0800,1082.8900,1064.9300,1073.3800
2023-02-09,1070.3200,1076.4800,1059.9100,1059.9100
2023-02-10,1060.9100,1064.5300,1048.1300,1048.7400
2023-02-13,1044.4900,1045.6000,1024.9800,1040.4000
2023-02-14,1040.8500,1042.9600,1030.5100,1034.9300
2023-02-15,1032.5800,1048.8500,1028.1100,1043.3400
2023-02-16,1047.6600,1055.2600,1040.0100,1055.2600
2023-02-17,1055.2900,1057.5900,1047.1300,1053.7200
2023-02-20,1052.3800,1087.3600,1052.3600,1087.3600
2023-02-21,1089.7700,1096.3500,1080.1200,1080.9000
2023-02-22,1078.9800,1078.9800,1051.0800,1051.0800
2023-02-23,1050.0700,1050.9500,1026.9200,1050.9500
2023-02-24,1048.2200,1048.2700,1027.1600,1030.4200
2023-02-27,1028.6700,1028.6700,1006.3200,1011.4600
2023-02-28,1018.6600,1026.6500,1009.1800,1014.9600
2023-03-01,1013.8300,1034.4300,1001.0500,1034.4300
2023-03-02,1032.8400,1037.7300,1025.1300,1028.7300
2023-03-03,1029.5900,1033.7100,1011.6100,1013.3500
2023-03-06,1022.5700,1034.5600,1014.2600,1014.2600
2023-03-07,1025.7800,1037.9700,1024.0200,1027.1600
2023-03-08,1017.3500,1040.5900,1017.3500,1040.5900
2023-03-09,1042.1100,1056.5600,1041.4900,1050.2800
2023-03-10,1044.5100,1049.4500,1039.5900,1047.2000
2023-03-13,1042.6000,1053.6400,1041.2500,1050.0700
2023-03-14,1047.4700,1049.3500,1032.5100,1037.3500
2023-03-15,1040.6300,1064.6500,1040.6300,1064.3800
2023-03-16,1056.8100,1059.6100,1039.8900,1046.9900
2023-03-17,1053.4800,1055.2000,1043.2800,1047.7100
2023-03-20,1041.8600,1042.0700,1021.6700,1024.5000
2023-03-21,1031.3400,1036.1800,1016.7700,1035.0400
2023-03-22,1035.4900,1046.4800,1035.0400,1043.1400
2023-03-23,1038.9300,1046.6000,1033.2300,1046.6000
2023-03-24,1049.0500,1056.6700,1047.4600,1051.4200
2023-03-27,1052.6800,1059.6500,1046.8000,1056.4500
2023-03-28,1060.8500,1064.6800,1055.8100,1058.8200
2023-03-29,1059.8700,1061.4500,1053.1200,1061.4500
2023-03-30,1067.2500,1073.9300,1065.5200,1067.2400
2023-03-31,1067.7200,1078.1500,1067.7200,1073.6800
2023-04-03,1080.9000,1088.8300,1080.9000,1088.7200
2023-04-04,1090.0700,1091.1300,1084.0400,1088.3400
2023-04-05,1088.3300,1089.8300,1082.7300,1089.8300
2023-04-06,1091.1500,1093.9900,1078.8600,1078.8600
2023-04-07,1079.0000,1080.9000,1071.6000,1078.8800
2023-04-10,1082.6200,1087.6000,1074.5900,1077.4100
2023-04-11,1075.7600,1082.8900,1067.2800,1081.7100
2023-04-12,1083.0600,1084.2600,1077.8600,1080.6900
2023-04-13,1081.7800,1082.2100,1072.1100,1074.6700
2023-04-14,1078.3600,1079.8700,1063.4300,1063.4300
2023-04-17,1063.1800,1065.4000,1058.5500,1065.0200
2023-04-18,1067.0200,1068.5400,1060.7500,1064.5500
2023-04-19,1067.6700,1067.7400,1055.7700,1056.1400
2023-04-20,1056.7400,1057.8200,1050.3500,1053.6100
2023-04-21,1054.7500,1055.4800,1045.7800,1046.1800
2023-04-24,1049.2400,1054.0000,1041.4600,1046.1700
2023-04-25,1046.6000,1051.5400,1036.9300,1037.0400
2023-04-26,1036.3000,1045.2400,1029.9400,1045.2400
2023-04-27,1045.7800,1048.2600,1040.3200,1041.5400
2023-04-28,1045.3800,1051.4300,1044.5600,1051.4300
2023-05-04,1046.3200,1047.9300,1038.2300,1039.6400
2023-05-05,1038.5100,1042.1100,1035.0700,1038.4600
2023-05-08,1041.0700,1050.5600,1041.0400,1049.7200
2023-05-09,1049.8600,1054.4900,1049.2300,1049.6700
2023-05-10,1051.6200,1055.3600,1048.6000,1054.9900
2023-05-11,1058.0200,1061.4800,1053.6200,1054.9300
2023-05-12,1056.0900,1066.4400,1051.7500,1066.4400
2023-05-15,1067.2600,1080.7200,1067.2600,1070.9000
2023-05-16,1072.9800,1073.6600,1066.9200,1069.6400
2023-05-17,1069.5400,1073.8700,1062.1000,1062.1000
2023-05-18,1065.3900,1076.8600,1063.0800,1070.7600
2023-05-19,1072.7700,1072.7700,1060.7200,1068.8400
2023-05-22,1070.3700,1073.8900,1068.5500,1073.7400
2023-05-23,1074.2600,1076.8900,1063.8500,1068.0500
2023-05-24,1072.2300,1072.5200,1060.8300,1061.5500
2023-05-25,1061.1600,1064.2400,1057.3500,1062.1500
2023-05-26,1064.2600,1064.9500,1060.1400,1060.8100
2023-05-29,1063.6200,1070.9700,1062.7900,1069.7700
2023-05-30,1073.9900,1074.4600,1066.9800,1071.8200
2023-05-31,1072.7200,1074.3000,1063.4400,1066.3300
2023-06-01,1065.2700,1068.0900,1060.2900,1068.0900
2023-06-02,1074.5100,1089.2200,1073.9500,1086.9600
2023-06-05,1097.5300,1100.3700,1090.5200,1091.0800
2023-06-06,1091.7100,1102.3200,1090.9500,1102.3200
2023-06-07,1104.3000,1107.0900,1100.1100,1105.6800
2023-06-08,1107.8600,1110.8700,1092.4600,1092.4600
2023-06-09,1095.4100,1100.8500,1089.3700,1100.8500
2023-06-12,1104.0800,1109.6300,1092.3000,1109.6300
2023-06-13,1110.9500,1115.3900,1108.5000,1115.3900
2023-06-14,1116.5300,1123.8600,1110.6000,1110.6000
2023-06-15,1110.5200,1113.2300,1104.6000,1108.5700
2023-06-16,1108.5900,1125.6200,1105.7400,1109.0600
2023-06-19,1110.0100,1111.2100,1098.3100,1098.9400
2023-06-20,1098.9200,1104.2700,1095.3800,1104.2700
2023-06-21,1104.2400,1112.0700,1101.2700,1112.0700
2023-06-22,1119.2500,1122.6000,1115.5700,1117.6000
2023-06-23,1119.0200,1127.2900,1117.4100,1126.7600
2023-06-26,1130.0400,1134.1100,1118.5300,1131.2300
2023-06-27,1134.2800,1135.6500,1128.2000,1134.4100
2023-06-28,1135.8900,1143.5300,1131.9200,1141.1200
2023-06-29,1141.8100,1142.7200,1125.2900,1125.2900
2023-06-30,1125.2100,1127.2800,1121.2100,1123.1300
2023-07-03,1127.1200,1130.0900,1120.6300,1123.3700
2023-07-04,1123.5400,1128.3500,1119.2900,1128.0000
2023-07-05,1131.1500,1134.6800,1128.1900,1129.7600
2023-07-06,1129.7400,1131.5400,1115.9100,1119.4400
2023-07-07,1118.2000,1129.4300,1116.0200,1129.4300
2023-07-10,1134.9700,1143.1600,1132.7300,1143.1600
2023-07-11,1144.3500,1152.1600,1143.6000,1146.6700
2023-07-12,1147.6300,1150.8800,1141.8100,1146.5400
2023-07-13,1152.5800,1156.1100,1148.7100,1156.1100
2023-07-14,1160.5000,1162.1600,1146.2600,1160.5900
2023-07-17,1164.5200,1166.7600,1160.4700,1164.5800
2023-07-18,1163.7000,1167.8100,1159.0500,1166.8200
2023-07-19,1169.6400,1171.0700,1165.1900,1165.1900
2023-07-20,1164.6900,1168.2600,1159.6400,1168.2600
2023-07-21,1167.7400,1186.6000,1166.5500,1186.6000
2023-07-24,1191.3000,1194.0400,1182.4500,1193.1400
2023-07-25,1195.1300,1202.3900,1194.8900,1198.0100
2023-07-26,1198.0400,1201.4300,1195.3100,1201.4300
2023-07-27,1201.1100,1205.3500,1192.3500,1199.6800
2023-07-28,1199.9000,1212.4500,1197.5300,1212.4500
2023-07-31,1224.4700,1230.8100,1217.0200,1230.8100
2023-08-01,1239.5200,1240.9900,1222.1800,1222.1800
2023-08-02,1220.7000,1226.1200,1216.6700,1221.3200
2023-08-03,1219.8800,1223.9400,1207.4300,1210.8000
2023-08-04,1211.7700,1231.4200,1211.7700,1231.4200
2023-08-07,1230.3800,1250.6800,1230.3800,1250.6800
2023-08-08,1252.0500,1254.2100,1243.8400,1247.8100
2023-08-09,1246.1200,1248.5200,1235.8700,1239.8400
2023-08-10,1241.5900,1243.1600,1225.0000,1226.2000
2023-08-11,1235.5900,1240.7700,1221.0300,1240.7700
2023-08-14,1245.0600,1245.9600,1234.1200,1243.4300
2023-08-15,1244.3100,1244.6200,1236.5500,1241.2400
2023-08-16,1240.8800,1257.5700,1240.8800,1256.9500
2023-08-17,1257.8100,1259.5000,1247.8200,1247.8200
2023-08-18,1240.5400,1243.6900,1187.0300,1190.1000
2023-08-21,1190.6900,1199.6000,1178.5400,1190.3200
2023-08-22,1192.1100,1195.9700,1158.6000,1193.5100
2023-08-23,1206.6100,1207.8400,1177.5000,1182.9700
2023-08-24,1184.2800,1201.9500,1180.4600,1201.8800
2023-08-25,1201.7300,1203.5200,1190.5400,1193.9300
2023-08-28,1200.2600,1213.6100,1199.0200,1213.4000
2023-08-29,1215.9700,1217.8900,1207.7200,1215.4700
2023-08-30,1215.6200,1227.6800,1214.7700,1225.5600
2023-08-31,1225.9300,1235.7100,1225.9300,1234.5300
2023-09-05,1241.4900,1248.9700,1238.6000,1244.6400
2023-09-06,1246.8300,1260.0300,1238.4400,1260.0300
2023-09-07,1261.3500,1268.0500,1251.8900,1255.2200
2023-09-08,1252.1000,1258.3300,1247.9500,1249.1400
2023-09-11,1251.3800,1259.4800,1227.4000,1230.7100
2023-09-12,1230.7000,1255.8300,1227.3200,1255.8300
2023-09-13,1258.0400,1260.3700,1241.9500,1247.9500
2023-09-14,1247.8700,1255.7500,1231.5300,1234.0600
2023-09-15,1235.2500,1244.8200,1231.7700,1238.8100
2023-09-18,1235.2000,1236.5300,1214.7400,1223.7000
2023-09-19,1224.2600,1229.6100,1212.5100,1225.5000
2023-09-20,1224.6400,1237.2100,1221.6400,1234.5700
2023-09-21,1234.1400,1235.3000,1217.7800,1219.1900
2023-09-22,1210.1400,1210.1400,1180.1100,1197.6900
2023-09-25,1195.3600,1199.6500,1159.9400,1159.9400
2023-09-26,1161.6200,1174.2400,1152.4400,1153.3700
2023-09-27,1154.5400,1168.6000,1141.0900,1168.6000
2023-09-28,1167.9600,1168.0900,1144.4700,1164.4500
2023-09-29,1169.2600,1176.7700,1165.1500,1166.2600
2023-10-02,1166.6400,1173.0600,1159.1600,1167.1300
2023-10-03,1156.8600,1158.3800,1128.5400,1130.8900
2023-10-04,1129.1500,1146.2100,1118.7400,1138.5400
2023-10-05,1141.2200,1143.3400,1124.4800,1124.4800
2023-10-06,1125.6200,1141.9300,1120.2800,1139.7800
2023-10-09,1139.0700,1150.3700,1135.6700,1150.3700
2023-10-10,1153.0500,1163.4700,1153.0500,1160.2800
2023-10-11,1161.8700,1167.2900,1154.4500,1167.2900
2023-10-12,1167.6200,1172.1400,1162.0000,1165.4900
2023-10-13,1158.3400,1167.6100,1152.5800,1166.6600
2023-10-16,1165.7500,1168.0200,1151.1300,1153.2100
2023-10-17,1157.6300,1160.3000,1141.0300,1141.0300
2023-10-18,1143.9500,1144.8900,1108.6800,1125.5600
2023-10-19,1126.6700,1126.8600,1104.8900,1104.8900
2023-10-20,1104.8300,1125.6300,1094.7800,1123.6900
2023-10-23,1122.7300,1123.2800,1099.3400,1106.8500
2023-10-24,1109.1800,1121.3900,1102.0500,1117.1200
2023-10-25,1117.9200,1124.8500,1113.2800,1113.3200
2023-10-26,1092.5600,1094.9600,1056.3200,1064.9500
2023-10-27,1070.9800,1074.0100,1050.3200,1067.5700
2023-10-30,1063.1400,1066.3800,1047.6300,1047.6300
2023-10-31,1049.5600,1053.0500,1034.1200,1039.3800
2023-11-01,1038.9000,1051.6500,1034.0400,1051.6500
2023-11-02,1052.1400,1087.5000,1052.1400,1087.5000
2023-11-03,1088.3100,1095.7100,1082.8300,1086.1900
2023-11-06,1094.1400,1104.0400,1093.6200,1103.5200
2023-11-07,1100.4000,1101.7000,1091.3800,1092.7100
2023-11-08,1092.5100,1129.9500,1086.8500,1129.9500
2023-11-09,1130.6400,1137.0500,1122.7200,1122.9500
2023-11-10,1113.3800,1123.6600,1107.5100,1109.0500
2023-11-13,1109.1400,1114.4100,1099.1800,1106.7200
2023-11-14,1112.3700,1124.7600,1109.7900,1119.2800
2023-11-15,1130.5300,1144.8800,1128.6400,1131.9000
2023-11-16,1128.5700,1132.6000,1123.2900,1132.6000
2023-11-17,1135.5200,1137.7300,1096.4400,1103.5300
2023-11-20,1091.6600,1114.6300,1085.7400,1102.8500
2023-11-21,1103.6000,1113.6900,1102.3300,1108.6000
2023-11-22,1109.3100,1112.9800,1098.2100,1109.8000
2023-11-23,1111.9300,1114.8700,1082.6800,1082.6800
2023-11-24,1085.2600,1087.3400,1068.5900,1087.3400
2023-11-27,1086.8900,1088.0300,1076.6200,1078.4200
2023-11-28,1078.8600,1089.4000,1068.2400,1088.5100
2023-11-29,1090.1400,1097.4200,1087.9500,1093.1600
2023-11-30,1091.4400,1097.2200,1081.7000,1081.7000
2023-12-01,1088.0700,1091.1700,1077.3300,1090.3900
2023-12-04,1094.4200,1111.9000,1093.8500,1107.1600
2023-12-05,1108.0200,1109.4800,1097.0500,1100.4200
2023-12-06,1101.6500,1109.2700,1100.1400,1109.2700
2023-12-07,1109.6700,1115.2400,1096.2200,1111.3500
2023-12-08,1111.2800,1118.8100,1109.6700,1114.8900
2023-12-11,1118.7900,1120.0700,1111.7300,1117.3400
2023-12-12,1119.2600,1121.2100,1114.9800,1121.2100
2023-12-13,1123.3400,1124.7100,1105.7100,1106.8300
2023-12-14,1111.1200,1113.0100,1102.6700,1104.4900
2023-12-15,1104.9400,1107.1500,1097.4000,1097.4000
2023-12-18,1098.7700,1099.4100,1082.8000,1084.6700
2023-12-19,1083.6000,1091.8700,1076.3600,1091.8700
2023-12-20,1092.2900,1097.4900,1088.6300,1097.0100
2023-12-21,1092.7500,1097.8200,1089.5900,1097.4300
2023-12-22,1097.2300,1099.5300,1093.1900,1097.4500
2023-12-25,1099.7200,1113.7300,1099.4400,1111.8600
2023-12-26,1112.4000,1117.3300,1111.1100,1115.5200
2023-12-27,1116.4800,1120.5600,1115.7800,1115.9400
2023-12-28,1116.6600,1129.3300,1115.1700,1128.5100
2023-12-29,1130.8900,1136.0200,1130.0900,1131.4600
2024-01-02,1137.1100,1140.1100,1129.7800,1131.6400
2024-01-03,1131.5700,1144.8500,1126.5700,1144.8500
2024-01-04,1145.7200,1167.2700,1144.5700,1156.3700
2024-01-05,1156.7100,1161.5300,1152.7900,1161.1400
2024-01-08,1164.4300,1169.9500,1159.7300,1163.5200
2024-01-09,1163.6100,1164.8600,1156.0100,1160.2100
2024-01-10,1160.5000,1168.9300,1158.5300,1162.6800
2024-01-11,1164.8000,1172.4900,1159.5200,1163.5600
2024-01-12,1161.7200,1167.9400,1149.6100,1163.6600
2024-01-15,1168.0700,1172.1600,1161.3000,1161.3000
2024-01-16,1157.8500,1170.1900,1155.2500,1170.1900
2024-01-17,1169.5200,1177.0100,1165.3200,1166.6100
2024-01-18,1168.4400,1175.6000,1166.2900,1173.9100
2024-01-19,1176.6200,1185.2300,1176.5400,1185.2300
2024-01-22,1189.9800,1192.5700,1183.0400,1189.5600
2024-01-23,1191.5400,1193.1900,1180.9100,1183.8500
2024-01-24,1182.2200,1188.1100,1178.5300,1179.4500
2024-01-25,1180.6400,1180.6800,1174.1100,1177.5200
2024-01-26,1180.0200,1184.9000,1180.0200,1182.8200
2024-01-29,1184.5400,1185.6200,1178.2900,1179.1700
2024-01-30,1178.9000,1182.4900,1176.9100,1181.7100
2024-01-31,1183.5400,1185.2700,1163.5100,1166.3300
2024-02-01,1165.0500,1175.6200,1164.7700,1173.3500
2024-02-02,1174.0200,1178.8500,1171.6200,1174.7600
2024-02-05,1176.7400,1201.3300,1176.3000,1197.3600
2024-02-06,1199.7300,1203.8300,1196.6600,1199.1700
2024-02-07,1201.3900,1214.5400,1201.0400,1212.7000
2024-02-15,1213.8400,1226.0900,1213.8400,1217.1200
2024-02-16,1221.3100,1224.5400,1217.4600,1224.5400
2024-02-19,1228.7100,1240.2000,1226.9700,1240.2000
2024-02-20,1241.9300,1243.8100,1235.8600,1241.6500
2024-02-21,1241.0100,1248.2300,1233.9700,1242.0800
2024-02-22,1242.1500,1243.5800,1236.2900,1239.9000
2024-02-23,1241.2800,1256.1100,1222.9400,1223.0900
2024-02-26,1223.8300,1234.5200,1220.3000,1233.3100
2024-02-27,1238.5500,1248.2400,1235.1500,1247.9100
2024-02-28,1252.1400,1265.3500,1246.6300,1265.3500
2024-02-29,1268.9400,1276.9000,1258.2600,1265.7500
2024-03-01,1267.3100,1269.0700,1258.8300,1267.0700
2024-03-04,1271.0500,1275.3600,1262.9000,1268.5300
2024-03-05,1269.5000,1280.1700,1264.8400,1280.1700
2024-03-06,1280.3800,1288.0600,1264.4400,1271.0700
2024-03-07,1271.6300,1279.9200,1266.5200,1276.5600
2024-03-08,1277.3100,1281.5200,1250.2000,1250.2000
2024-03-11,1250.0800,1255.3000,1232.9700,1235.1200
2024-03-12,1233.8100,1244.9500,1232.4000,1242.2300
2024-03-13,1242.2400,1272.2800,1242.2400,1272.2800
2024-03-14,1272.3600,1277.2900,1254.7200,1260.3200
2024-03-15,1258.2200,1264.7700,1244.0100,1256.4200
2024-03-18,1256.3700,1258.3800,1215.6700,1235.7400
2024-03-19,1235.4800,1241.2300,1229.0200,1234.7400
2024-03-20,1236.4500,1262.3100,1228.4900,1259.0600
2024-03-21,1267.3700,1281.5700,1264.2800,1281.5700
2024-03-22,1287.6300,1295.7900,1276.8100,1284.1400
2024-03-25,1283.6400,1288.9100,1266.9700,1270.0000
2024-03-26,1270.8400,1287.8900,1266.7900,1286.2300
2024-03-27,1288.1900,1290.7600,1279.6800,1288.7700
2024-03-28,1294.2900,1306.4200,1294.2900,1303.2000
2024-03-29,1305.4100,1306.0100,1294.9700,1296.9000
2024-04-01,1293.3600,1298.5900,1284.2000,1292.6200
2024-04-02,1283.1100,1292.3000,1273.1600,1292.3000
2024-04-03,1287.6400,1290.8400,1273.1500,1274.2700
2024-04-04,1274.2200,1278.6700,1267.4700,1267.6500
2024-04-05,1258.1100,1265.6500,1251.8400,1257.7800
2024-04-08,1257.2300,1260.1700,1248.2400,1254.7200
2024-04-09,1255.8400,1266.9200,1252.5800,1266.9200
2024-04-10,1271.3700,1276.0800,1263.8200,1263.8200
2024-04-11,1262.9600,1266.7100,1254.6400,1262.8600
2024-04-12,1263.1700,1285.3000,1262.4100,1284.7400
2024-04-15,1283.9800,1287.4600,1227.9000,1227.9000
2024-04-16,1228.3200,1234.2800,1209.9900,1232.7000
2024-04-17,1232.8900,1237.0800,1209.4200,1210.7400
2024-04-19,1207.2100,1210.3200,1186.5100,1194.0300
2024-04-22,1204.4100,1214.2400,1200.1500,1206.6400
2024-04-23,1207.7600,1213.9600,1191.6100,1200.3700
2024-04-24,1210.0500,1234.8700,1207.9200,1232.1700
2024-04-25,1235.2500,1236.9900,1226.7600,1233.7200
2024-04-26,1227.6900,1245.5200,1225.5500,1240.5000
2024-05-02,1244.1500,1248.4100,1239.0200,1247.2100
2024-05-03,1248.5000,1259.8300,1248.5000,1255.6200
2024-05-06,1262.4100,1274.6200,1256.6700,1274.6200
2024-05-07,1279.2900,1285.4300,1272.6300,1284.8500
2024-05-08,1279.2000,1285.1200,1269.9700,1284.8500
2024-05-09,1287.2300,1289.9200,1274.5700,1281.4700
2024-05-10,1284.8800,1285.2200,1268.9100,1277.4700
2024-05-13,1280.1000,1281.5800,1266.2700,1272.5300
2024-05-14,1281.6500,1287.5100,1276.0400,1277.3100
2024-05-15,1283.6500,1294.7100,1282.6100,1289.9700
2024-05-16,1300.5600,1311.4000,1296.7700,1308.2700
2024-05-17,1309.4200,1312.9500,1304.1400,1310.1500
2024-05-20,1317.6100,1322.1300,1312.5500,1312.5500
2024-05-21,1311.3600,1313.1900,1297.5100,1308.6200
2024-05-22,1307.5300,1311.1100,1288.4700,1291.4600
2024-05-23,1290.3800,1304.7600,1283.2600,1304.7600
2024-05-24,1304.7400,1309.8900,1272.9800,1283.4600
2024-05-27,1286.9700,1288.7500,1275.9800,1284.8800
2024-05-28,1291.1800,1299.7500,1285.8300,1299.7500
2024-05-29,1301.3000,1302.5600,1284.0200,1284.0200
2024-05-30,1279.3200,1280.5000,1263.4400,1279.2900
2024-05-31,1280.0800,1283.3000,1273.8500,1275.9700
2024-06-03,1285.0700,1301.6400,1284.9500,1297.7800
2024-06-04,1305.1200,1306.9600,1298.4000,1300.9900
2024-06-05,1302.0700,1313.1100,1299.6600,1299.6600
2024-06-06,1303.8500,1308.4300,1296.3700,1302.2800
2024-06-07,1303.3200,1314.5600,1302.5300,1308.0300
2024-06-10,1314.2800,1319.0600,1306.5300,1311.1000
2024-06-11,1315.4800,1318.0900,1301.4300,1308.3000
2024-06-12,1308.8900,1331.8100,1305.2700,1331.8100
2024-06-13,1331.9100,1339.1700,1327.7900,1333.8500
2024-06-14,1336.3500,1338.5900,1316.4600,1316.4600
2024-06-17,1317.6400,1318.1600,1305.5000,1309.7000
2024-06-18,1314.3900,1320.8000,1309.8900,1309.8900
2024-06-19,1313.5100,1319.3100,1300.6700,1314.2200
2024-06-20,1316.7800,1326.8800,1311.4300,1322.3600
2024-06-21,1323.7700,1324.8100,1316.0700,1319.9300
2024-06-24,1317.3100,1319.5100,1287.2600,1289.8500
2024-06-25,1290.1200,1293.2800,1281.8900,1288.8000
2024-06-26,1291.0400,1294.1200,1276.4400,1291.3000
2024-06-27,1288.8800,1290.8000,1282.2400,1289.0300
2024-06-28,1289.3100,1290.9700,1272.2700,1278.3200
2024-07-01,1278.2200,1285.4800,1271.2000,1285.4800
2024-07-02,1288.2100,1300.5800,1286.0700,1296.0600
2024-07-03,1296.0800,1309.4000,1296.0800,1305.5000
2024-07-04,1309.1600,1313.0100,1304.3100,1310.6300
2024-07-05,1310.8200,1316.7000,1307.9800,1316.1800
2024-07-08,1317.0100,1319.2700,1309.5500,1315.8300
2024-07-09,1315.3500,1322.2100,1309.1500,1321.7800
2024-07-10,1322.2400,1324.9100,1310.9100,1310.9100
2024-07-11,1315.0800,1318.1500,1306.2200,1306.2200
2024-07-12,1304.7500,1312.2400,1298.4500,1301.8100
2024-07-15,1301.8300,1307.3000,1294.0300,1297.8200
2024-07-16,1298.1400,1309.7500,1298.1400,1303.3000
2024-07-17,1308.6000,1324.5500,1291.5000,1305.3700
2024-07-18,1305.2500,1308.6700,1290.0500,1306.3800
2024-07-19,1307.7500,1314.1500,1296.6100,1302.3200
2024-07-22,1299.6900,1305.9600,1288.5900,1299.3100
2024-07-23,1301.5700,1304.8100,1277.3900,1278.6700
2024-07-24,1274.4200,1284.1800,1262.7700,1280.5100
2024-07-25,1271.7500,1275.4900,1265.8800,1272.1800
2024-07-26,1273.6600,1281.8400,1272.5900,1281.8400
2024-07-29,1287.8500,1292.3300,1285.0400,1285.7300
2024-07-30,1285.6500,1289.7800,1279.2400,1287.8200
2024-07-31,1289.4500,1300.7400,1288.8300,1299.0900
2024-08-01,1303.0500,1303.8600,1266.7300,1272.0000
2024-08-02,1269.6700,1281.0100,1253.6800,1281.0100
2024-08-05,1262.6800,1264.8700,1226.3700,1232.1100
2024-08-06,1243.8100,1256.2300,1232.1900,1252.8100
2024-08-07,1259.2200,1259.3900,1245.4600,1253.5800
2024-08-08,1247.8900,1256.3600,1238.4100,1243.3100
2024-08-09,1250.3700,1265.9400,1248.8500,1264.8400
2024-08-12,1267.0500,1273.1600,1259.6000,1271.4400
2024-08-13,1269.0900,1272.2100,1262.9100,1268.7200
2024-08-14,1272.8600,1275.2600,1268.6900,1270.3800
2024-08-15,1270.0000,1272.2500,1263.4400,1265.3200
2024-08-16,1266.9500,1291.8900,1266.9500,1291.6800
2024-08-19,1296.6000,1301.8800,1294.2100,1299.0400
2024-08-20,1300.3200,1309.4100,1299.8600,1305.2500
2024-08-21,1302.2600,1318.1900,1300.2800,1317.6900
2024-08-22,1320.7900,1322.6700,1315.4200,1318.5700
2024-08-23,1320.4100,1323.9000,1311.1000,1321.1500
2024-08-26,1323.2600,1326.8500,1316.1700,1318.6000
2024-08-27,1317.8500,1324.5700,1315.9700,1322.2800
2024-08-28,1325.7700,1327.6400,1320.1800,1323.5400
2024-08-29,1322.9300,1332.2700,1322.9300,1326.6700
2024-08-30,1328.5000,1333.5600,1327.6100,1331.5200
2024-09-04,1319.8800,1321.3200,1311.4000,1317.7100
2024-09-05,1318.3100,1322.5600,1306.7600,1309.0500
2024-09-06,1309.7200,1315.6300,1304.7800,1315.3900
2024-09-09,1310.1100,1310.6400,1303.0400,1307.1500
2024-09-10,1309.5600,1312.4900,1291.1600,1294.0600
2024-09-11,1292.1400,1298.3700,1285.6600,1293.8800
2024-09-12,1298.8300,1301.8300,1296.1600,1297.6100
2024-09-13,1297.8400,1298.5600,1291.8200,1294.3000
2024-09-16,1292.5400,1298.7900,1281.3700,1281.3700
2024-09-17,1282.8400,1303.6500,1281.1600,1303.6500
2024-09-18,1304.9100,1317.7000,1302.0700,1310.9400
2024-09-19,1315.1700,1319.4100,1312.2800,1318.4100
2024-09-20,1325.0200,1336.7900,1324.9000,1326.0000
2024-09-23,1329.9300,1333.7300,1320.9500,1321.1200
2024-09-24,1320.5800,1330.8700,1318.2900,1330.8700
2024-09-25,1337.8000,1344.0700,1334.0600,1344.0700
2024-09-26,1346.4300,1359.7100,1344.0100,1350.8500
2024-09-27,1355.1300,1361.2000,1346.9100,1352.5700
2024-09-30,1351.2100,1354.9100,1346.1800,1352.5600
2024-10-01,1355.2200,1370.1400,1355.2200,1358.8800
2024-10-02,1354.6700,1361.4600,1350.9200,1354.5100
2024-10-03,1355.7800,1371.6700,1345.2800,1346.4600
2024-10-04,1347.3200,1348.2300,1336.2100,1336.2100
2024-10-07,1342.8500,1345.7600,1328.4500,1335.4800
2024-10-08,1337.9000,1344.3800,1331.6100,1339.0500
2024-10-09,1340.5600,1352.5200,1338.9300,1351.9700
2024-10-10,1355.6900,1370.1500,1355.6900,1360.5800
2024-10-11,1361.8800,1364.5900,1355.0700,1362.5000
2024-10-14,1362.8400,1373.6600,1357.6500,1358.7600
2024-10-15,1360.5000,1367.5500,1353.1000,1356.0900
2024-10-16,1355.0100,1358.0700,1350.4500,1354.1000
2024-10-17,1357.3100,1362.8900,1346.1400,1362.8900
2024-10-18,1368.1100,1372.6600,1360.6400,1362.6900
2024-10-21,1361.2800,1366.3600,1358.0300,1358.0300
2024-10-22,1357.4200,1359.4000,1344.1000,1348.9200
2024-10-23,1348.9300,1351.7200,1340.1300,1349.7200
2024-10-24,1349.2200,1351.5900,1329.6200,1329.6200
2024-10-25,1333.7700,1334.7800,1322.6900,1325.5400
2024-10-28,1324.7000,1328.5700,1322.9700,1328.3300
2024-10-29,1328.9200,1335.7600,1328.9200,1335.7600
2024-10-30,1337.1600,1338.4700,1327.1400,1333.8500
2024-10-31,1334.1000,1341.0100,1328.1900,1338.6000
2024-11-01,1333.7600,1336.0800,1324.4200,1325.6200
2024-11-04,1325.9400,1326.9900,1311.0300,1312.6400
2024-11-05,1312.4300,1317.6000,1311.8500,1313.3500
2024-11-06,1314.1100,1331.5300,1314.1100,1329.5600
2024-11-07,1335.0700,1336.2900,1325.8700,1326.6500
2024-11-08,1331.3200,1331.5100,1312.8300,1317.3400
2024-11-11,1317.3400,1318.7100,1298.7800,1310.4600
2024-11-12,1312.5500,1315.8000,1297.9900,1301.9500
2024-11-13,1299.5200,1305.4200,1290.6100,1304.0400
2024-11-14,1300.4300,1303.7100,1286.5200,1286.6500
2024-11-15,1283.7800,1284.3000,1270.4400,1271.2200
2024-11-18,1270.7100,1277.8000,1255.1600,1270.2300
2024-11-19,1272.2300,1273.4900,1259.0000,1259.0800
2024-11-20,1258.2500,1277.6700,1250.6700,1271.7300
2024-11-21,1272.4000,1286.6700,1266.4500,1286.6700
2024-11-22,1286.9800,1292.2100,1284.0100,1286.0700
2024-11-25,1286.4600,1293.3000,1285.8200,1291.9400
2024-11-26,1292.8400,1304.3400,1292.2700,1299.2200
2024-11-27,1297.2800,1303.9900,1296.9400,1301.0600
2024-11-28,1305.7900,1310.4100,1298.4300,1301.5200
2024-11-29,1301.3400,1311.6700,1298.6400,1311.2600
2024-12-02,1315.7700,1317.7600,1303.5100,1308.8300
2024-12-03,1308.4000,1312.0000,1300.6700,1309.1800
2024-12-04,1304.7400,1305.0600,1297.4900,1297.8100
2024-12-05,1299.9500,1337.5500,1295.7300,1337.5500
2024-12-06,1337.0600,1341.5700,1334.3500,1337.2800
2024-12-09,1337.2300,1343.0500,1330.5200,1336.1800
2024-12-10,1335.9500,1339.7000,1332.4700,1335.8500
2024-12-11,1335.8800,1342.7000,1329.8400,1336.4800
2024-12-12,1336.6000,1344.3700,1333.4500,1335.5500
2024-12-13,1333.8000,1334.8100,1328.8700,1331.5800
2024-12-16,1331.9500,1335.4000,1325.0700,1331.8200
2024-12-17,1332.8800,1332.9600,1325.1400,1327.6300
2024-12-18,1328.1000,1331.7300,1325.9100,1329.8300
2024-12-19,1329.3500,1329.3500,1309.1700,1314.1600
2024-12-20,1315.8600,1318.4800,1313.3000,1317.7700
2024-12-23,1321.4900,1326.0000,1320.8200,1323.0200
2024-12-24,1323.6100,1323.9000,1315.0100,1323.2700
2024-12-25,1323.3300,1350.0700,1323.3300,1342.4800
2024-12-26,1344.1400,1346.4700,1339.5100,1342.6800
2024-12-27,1342.8800,1348.8300,1341.7500,1346.8400
2024-12-30,1344.9200,1347.3500,1337.8600,1347.3500
2024-12-31,1346.6600,1346.9900,1341.1500,1344.7500
2025-01-02,1344.7600,1347.1400,1334.3900,1343.2000
2025-01-03,1341.1500,1341.3000,1320.5800,1320.5800
2025-01-06,1320.1400,1325.7300,1313.0400,1313.0400
2025-01-07,1316.6200,1322.2300,1309.5500,1315.2800
2025-01-08,1314.0900,1316.6300,1306.6900,1316.6300
2025-01-09,1316.3500,1318.8700,1307.5500,1310.8000
2025-01-10,1310.3500,1312.3200,1293.2300,1293.2300
2025-01-13,1287.6400,1298.3400,1282.5700,1298.3400
2025-01-14,1295.7900,1297.3200,1285.3200,1289.2300
2025-01-15,1295.6600,1300.3700,1291.7300,1297.6400
2025-01-16,1303.4100,1307.8200,1293.1900,1303.2500
2025-01-17,1302.7900,1313.4800,1298.8500,1313.4800
2025-01-20,1313.2600,1319.0600,1311.5000,1316.9500
2025-01-21,1321.3000,1323.2700,1309.4100,1314.8100
2025-01-22,1317.9100,1318.2500,1309.7200,1309.7200
2025-01-23,1309.9200,1339.4800,1309.9200,1332.5400
2025-01-24,1332.2000,1339.5500,1330.2900,1337.5900
2025-02-03,1326.1900,1326.1900,1311.4000,1315.4600
2025-02-04,1320.6100,1327.6100,1317.4200,1327.2100
2025-02-05,1330.2800,1334.5800,1326.7700,1331.3500
2025-02-06,1336.4200,1340.9200,1333.4500,1336.5900
2025-02-07,1337.1300,1345.2600,1332.6800,1340.8000
2025-02-10,1336.4700,1343.0900,1327.1500,1330.8800
2025-02-11,1333.7000,1338.4000,1329.1500,1338.4000
2025-02-12,1341.4700,1343.4400,1335.3500,1335.6800
2025-02-13,1334.7000,1338.3300,1329.5600,1337.7800
2025-02-14,1339.2200,1347.9800,1338.0000,1340.5200
2025-02-17,1341.1800,1342.8900,1334.0100,1334.0100
2025-02-18,1335.5600,1346.8000,1332.6200,1337.3900
2025-02-19,1338.4700,1346.6700,1335.2600,1344.6400
2025-02-20,1348.1100,1351.5200,1345.4300,1349.4500
2025-02-21,1349.8100,1355.0900,1347.8600,1353.7300
2025-02-24,1357.3000,1364.5200,1352.5200,1364.5200
2025-02-25,1365.8700,1369.3200,1356.2100,1360.5600
2025-02-26,1362.0600,1364.9100,1358.7900,1360.5600
2025-02-27,1363.3700,1364.2700,1351.0500,1363.6200
2025-02-28,1360.5500,1361.6600,1351.0900,1356.4300
2025-03-03,1356.4300,1362.8000,1355.1200,1361.1600
2025-03-04,1357.5500,1369.5000,1350.1100,1367.9700
2025-03-05,1369.6200,1379.6600,1363.9100,1363.9100
2025-03-06,1368.1300,1380.1200,1367.8200,1379.6200
2025-03-07,1381.5100,1390.9800,1378.3800,1389.7700
2025-03-10,1394.8100,1400.1300,1387.2300,1391.0700
2025-03-11,1378.4400,1393.5700,1375.4400,1393.5700
2025-03-12,1397.4000,1400.4500,1387.3500,1392.3900
2025-03-13,1393.9300,1400.6000,1385.2400,1387.3000
2025-03-14,1387.0800,1394.3900,1385.2000,1387.0300
2025-03-17,1392.7500,1397.2800,1389.4200,1394.9000
2025-03-18,1398.4400,1400.3800,1388.6400,1388.6400
2025-03-19,1385.9200,1386.5700,1374.8300,1377.6300
2025-03-20,1382.2300,1388.3700,1371.9800,1378.9500
2025-03-21,1379.0500,1381.2500,1375.6800,1378.2700
2025-03-24,1379.2700,1390.7000,1372.7100,1390.7000
2025-03-25,1391.0100,1398.2900,1386.2800,1388.7900
2025-03-26,1390.1500,1396.3400,1379.3900,1381.4700
2025-03-27,1380.9500,1384.7500,1378.8700,1380.2600
2025-03-28,1380.2000,1381.2600,1369.8300,1373.9300
2025-03-31,1368.9500,1369.0700,1360.6600,1363.8800
2025-04-01,1369.1800,1376.9100,1363.6000,1376.9100
2025-04-02,1381.0300,1384.3800,1376.5400,1376.9400
2025-04-03,1342.4600,1342.4600,1282.9900,1283.1800
2025-04-04,1269.0600,1280.5200,1208.4200,1280.5200
2025-04-08,1241.5800,1245.5100,1193.4700,1197.5100
2025-04-09,1182.9100,1220.7300,1133.9000,1168.6800
2025-04-10,1248.9200,1249.2900,1248.1000,1249.2900
2025-04-11,1268.1200,1310.0200,1265.2600,1309.9400
2025-04-14,1318.1700,1329.0600,1310.6300,1325.8700
2025-04-15,1314.3000,1329.9900,1303.2900,1310.7600
2025-04-16,1310.0700,1318.8600,1288.0600,1293.2500
2025-04-17,1286.1100,1304.4700,1283.4700,1303.0300
2025-04-18,1313.4200,1322.2600,1306.2400,1306.2400
2025-04-21,1305.8100,1310.5900,1287.0200,1294.2900
2025-04-22,1287.5500,1292.6700,1216.3500,1290.3800
2025-04-23,1300.2500,1311.7200,1290.3800,1303.0400
2025-04-24,1306.4300,1313.9300,1297.2100,1311.6600
2025-04-25,1312.5900,1318.6600,1304.5000,1317.1800
2025-04-28,1318.0900,1321.3800,1305.5100,1312.3200
2025-04-29,1310.4000,1312.8800,1304.7400,1309.7300
2025-05-05,1309.7300,1321.6800,1309.4300,1320.4100
2025-05-06,1320.4100,1331.0800,1316.1800,1319.6600
2025-05-07,1319.6600,1325.9400,1316.2700,1324.8000
2025-05-08,1324.8000,1354.0800,1324.8000,1351.1000
2025-05-09,1351.1000,1363.6200,1348.1300,1352.2500
2025-05-12,1352.2500,1374.6800,1352.0300,1372.0400
2025-05-13,1372.0400,1384.0100,1370.2900,1382.7800
2025-05-14,1382.7800,1400.1000,1375.3500,1397.8700
2025-05-15,1397.8700,1403.7000,1384.6700,1401.4900
2025-05-16,1401.4900,1404.1300,1382.9300,1384.4400
2025-05-19,1384.4400,1391.2400,1371.0500,1379.7500
2025-05-20,1379.7500,1408.5600,1379.7500,1407.5200
2025-05-21,1407.5200,1429.4300,1407.5200,1419.3600
2025-05-22,1419.3600,1432.8400,1407.9200,1409.5600
2025-05-23,1409.5600,1415.9700,1400.8300,1409.4000
2025-05-26,1409.4000,1424.0100,1374.6000,1423.8500
2025-05-27,1423.8500,1430.8200,1418.7600,1427.4500
2025-05-28,1427.4500,1436.9900,1427.0200,1432.1900
2025-05-29,1432.1900,1438.0300,1424.0200,1431.5700
2025-05-30,1431.5700,1436.2200,1417.9800,1423.6800
2025-06-02,1423.6800,1424.7500,1407.7300,1423.0400
2025-06-03,1423.0400,1442.5500,1423.0400,1437.8700
2025-06-04,1437.8700,1442.8700,1429.4800,1435.2800
2025-06-05,1435.2800,1437.2800,1423.4100,1432.3800
2025-06-06,1432.3800,1437.2400,1412.6900,1418.9700
2025-06-09,1418.9700,1418.9700,1394.1200,1396.5600
2025-06-10,1396.5600,1414.8900,1381.4300,1404.8200
2025-06-11,1404.8200,1411.9500,1390.9000,1405.1500
2025-06-12,1405.1500,1418.4100,1392.5000,1412.1600
2025-06-13,1412.1600,1419.6700,1385.0200,1401.2000
2025-06-16,1401.2000,1421.2700,1382.2000,1420.3500
2025-06-17,1420.3500,1440.5900,1420.1400,1431.3900
2025-06-18,1431.3900,1439.7000,1425.7400,1432.9900
2025-06-19,1432.9900,1442.4600,1426.4100,1439.3000
2025-06-20,1439.3000,1443.7900,1423.7700,1435.1900
2025-06-23,1435.1900,1448.5400,1418.8100,1448.3200
2025-06-24,1448.3200,1469.0100,1448.3200,1462.8000
2025-06-25,1462.8000,1470.7600,1460.4200,1465.3600
2025-06-26,1465.3600,1475.0700,1458.9800,1463.5700
2025-06-27,1463.5700,1477.8900,1459.9300,1475.8900
2025-06-30,1475.8900,1481.5800,1472.1600,1477.5600
2025-07-01,1477.5600,1483.8600,1466.9700,1476.1600
2025-07-02,1476.1600,1483.0200,1468.4900,1482.7600
2025-07-03,1482.7600,1493.9900,1477.3700,1481.2000
2025-07-04,1481.2000,1489.5400,1477.2900,1488.7700
2025-07-07,1488.7700,1509.8100,1488.7700,1508.6600
2025-07-08,1508.6600,1529.7200,1508.6600,1529.2700
2025-07-09,1529.2700,1544.6700,1526.7700,1543.2700
